{"initial_reset_timestamp": 1606502972.264378, "timestamps": [1606502972.535652, 1606502972.8807282, 1606502973.1310587, 1606502973.2248087, 1606502973.4242747, 1606502978.9265554, 1606502979.155942, 1606502979.7094626, 1606502980.0156422, 1606502980.8903022, 1606502983.6733308, 1606502984.1241248, 1606502984.600849, 1606502985.586213, 1606502985.7338185, 1606502986.2644002, 1606502987.4272883, 1606502987.5439765, 1606502987.9818048, 1606502988.6919053, 1606502989.1895745, 1606502992.7889454, 1606502992.9275746, 1606502993.289606, 1606502994.8364682, 1606502995.2683136, 1606502995.4807446, 1606502996.3015497, 1606502996.4092607, 1606502996.602744, 1606502997.4754088, 1606502997.6938248, 1606502998.1944852, 1606502998.2872381, 1606502998.920543, 1606502999.4591026, 1606502999.640617, 1606503000.6688664, 1606503011.5178444, 1606503011.9297433, 1606503013.9992073, 1606503015.4308841], "episode_lengths": [48, 109, 85, 31, 52, 1188, 72, 175, 93, 301, 792, 149, 149, 340, 48, 184, 386, 38, 150, 246, 133, 1222, 46, 124, 536, 149, 58, 283, 35, 60, 231, 60, 172, 30, 204, 185, 61, 356, 1849, 21, 122, 90], "episode_rewards": [10.0, 20.0, 10.0, 10.0, 0.0, 90.0, 20.0, 50.0, 10.0, 100.0, 95.0, 15.0, 30.0, 110.0, 0.0, 65.0, 100.0, 0.0, 30.0, 45.0, 60.0, 120.0, 0.0, 20.0, 80.0, 60.0, 10.0, 40.0, 10.0, 20.0, 30.0, 10.0, 20.0, 10.0, 50.0, 30.0, 10.0, 50.0, 325.0, 15.0, 30.0, 30.0], "episode_types": ["t", "t", "t", "t", "t", "t", "t", "t", "t", "t", "t", "t", "t", "t", "t", "t", "t", "t", "t", "t", "t", "t", "t", "t", "t", "t", "t", "t", "t", "t", "t", "t", "t", "t", "t", "t", "t", "t", "t", "t", "t", "t", "t"]}