{"initial_reset_timestamp": 1605522949.3158982, "timestamps": [1605522954.586129, 1605522957.1067498, 1605522960.684983, 1605522963.4886131, 1605522966.459727, 1605522969.1304846, 1605522971.7615037, 1605522974.4919705, 1605522977.152334, 1605522980.3209372, 1605522983.7508423, 1605522993.965901, 1605523006.5852432, 1605523019.4718547, 1605523032.3797379, 1605523043.1809626, 1605523054.5800748, 1605523069.2563827, 1605523081.17266, 1605523096.6030703, 1605523109.601973, 1605523120.1741652, 1605523133.8211017, 1605523145.2536926, 1605523159.7835534, 1605523169.7708795, 1605523186.2101784, 1605523197.182936, 1605523208.6705718, 1605523226.7057292, 1605523244.7382808, 1605523263.7730997, 1605523284.5109756, 1605523300.0043821, 1605523314.9691188, 1605523330.0669527, 1605523346.1299534, 1605523364.4007573, 1605523396.4981213, 1605523419.32085, 1605523441.531332, 1605523459.863007, 1605523482.9105542, 1605523502.0102062, 1605523524.2280674, 1605523542.0217636, 1605523571.7547028, 1605523594.4270422, 1605523623.367764, 1605523649.4500842, 1605523681.1812758, 1605523712.703263, 1605523735.3692498, 1605523754.1675158, 1605523780.204508, 1605523805.1786234, 1605523829.9079485, 1605523859.3500614, 1605523893.3656008, 1605523931.4771242, 1605523964.6624687, 1605524003.5181787, 1605524039.0469835, 1605524078.8228662, 1605524111.401156, 1605524146.619851, 1605524199.6646595, 1605524239.2489152, 1605524273.5744536, 1605524321.075713, 1605524364.1919065, 1605524412.375722, 1605524453.2793083, 1605524497.8025692, 1605524536.8268666, 1605524596.8590798, 1605524643.732747, 1605524681.624978, 1605524739.3530264, 1605524790.694614, 1605524834.6850753, 1605524877.87074, 1605524932.541775, 1605524977.6404517, 1605525023.62501, 1605525076.5213747, 1605525130.6348417, 1605525186.4528253, 1605525245.4543374, 1605525295.9513454, 1605525342.2930164, 1605525402.2868109, 1605525445.177719, 1605525491.1302948, 1605525535.8476338, 1605525583.3650403, 1605525643.1707733, 1605525687.4300077, 1605525738.2186148, 1605525785.8986328, 1605525837.7632294, 1605525876.5808263, 1605525924.9160879, 1605525974.5918663, 1605526016.8487225, 1605526054.6109781, 1605526092.963857, 1605526137.3709354, 1605526174.2411149, 1605526216.5414639, 1605526255.3340971, 1605526297.4317222, 1605526334.9257987, 1605526372.325525, 1605526404.7462735, 1605526445.5966713, 1605526493.389127, 1605526531.8456495, 1605526568.4162548, 1605526610.3668933, 1605526659.10112, 1605526698.9363844, 1605526739.0606875, 1605526781.0279107, 1605526814.3853204, 1605526848.262746, 1605526883.506901, 1605526920.9718413, 1605526951.9652073, 1605526995.78904, 1605527033.8435144, 1605527075.9794528, 1605527108.180791, 1605527139.8425658, 1605527174.34783, 1605527209.1600263, 1605527247.6142938, 1605527284.9107387, 1605527319.1879241, 1605527358.1151168, 1605527397.33636, 1605527432.3370795, 1605527467.4732614, 1605527499.8647165, 1605527537.5678751, 1605527566.3343616, 1605527607.3498936, 1605527633.1053078, 1605527659.453817, 1605527689.2399404, 1605527720.955172, 1605527747.5679433, 1605527788.3972793, 1605527815.6951306, 1605527843.1991942, 1605527871.1634567, 1605527902.063591, 1605527928.350145, 1605527962.126165, 1605527986.0672472, 1605528012.6887848, 1605528040.6130936, 1605528068.7145731, 1605528097.3249218, 1605528125.7369497, 1605528158.409487, 1605528188.7633834, 1605528218.6536047, 1605528251.2978263, 1605528278.8969393, 1605528305.5106752, 1605528336.9768107, 1605528371.3457193, 1605528401.23398, 1605528427.374047, 1605528453.470632, 1605528478.6954548, 1605528509.8465886, 1605528534.3782408, 1605528559.6455712, 1605528595.1690433, 1605528626.8230774, 1605528656.561564, 1605528688.9903867, 1605528719.6051853, 1605528748.1708171, 1605528774.9451454, 1605528812.5009978, 1605528846.2309556, 1605528877.1887896, 1605528913.1634264, 1605528943.407535, 1605528971.773823, 1605529005.5389514, 1605529034.480524, 1605529067.8804817, 1605529103.7496786, 1605529137.0482621, 1605529167.3446639, 1605529204.3750942, 1605529239.8383183, 1605529274.586696, 1605529308.9583392, 1605529341.9673092, 1605529373.2975688, 1605529405.0731535, 1605529441.6134598, 1605529476.942603, 1605529503.8850138, 1605529532.335424, 1605529563.0595815, 1605529592.3809175, 1605529621.9060776, 1605529652.0799954, 1605529685.623583, 1605529715.9367168, 1605529748.9174366, 1605529779.7400386, 1605529811.2488182, 1605529844.369306, 1605529887.4492152, 1605529922.950633, 1605529955.5651114, 1605529982.8833544, 1605530012.0983737, 1605530049.1917274, 1605530079.2599394, 1605530113.9809039, 1605530144.3202848, 1605530176.7395978, 1605530208.1549098, 1605530243.7546167, 1605530278.565815, 1605530307.014422, 1605530339.7488623, 1605530367.4377816, 1605530400.1133528, 1605530432.1374595, 1605530462.4284344, 1605530495.8728273, 1605530526.3731327, 1605530558.8572712, 1605530588.8167233, 1605530619.1845195, 1605530655.1543896, 1605530686.1020741, 1605530722.2485821, 1605530755.04898, 1605530790.9234335, 1605530823.366729, 1605530852.557688], "episode_lengths": [911, 759, 1082, 834, 939, 864, 854, 837, 779, 938, 957, 960, 851, 938, 974, 833, 779, 1068, 919, 1126, 931, 836, 1061, 892, 1098, 758, 1243, 839, 844, 1300, 1219, 1309, 1554, 1150, 1052, 1089, 1111, 1308, 2239, 1585, 1519, 1218, 1523, 1257, 1464, 1131, 1951, 1357, 1730, 1415, 2018, 2194, 1565, 1262, 1602, 1680, 1688, 1694, 2167, 2403, 2038, 2446, 2312, 2586, 2209, 2315, 3623, 2682, 2317, 3175, 2694, 3132, 2604, 2944, 2615, 3491, 2927, 2338, 3603, 3198, 2601, 2584, 3447, 2912, 2941, 2945, 3180, 3276, 3500, 3259, 2816, 3709, 2631, 2897, 2784, 2928, 3401, 2692, 3042, 2944, 3113, 2429, 2954, 3119, 2663, 2345, 2289, 2766, 2207, 2638, 2211, 2676, 2368, 2385, 2039, 2587, 3038, 2447, 2343, 2470, 2801, 2416, 2323, 2545, 2100, 2097, 2218, 2361, 1966, 2496, 2154, 2457, 1900, 1856, 1880, 1937, 2188, 2127, 1955, 2164, 2332, 2213, 2048, 1983, 2364, 1763, 2639, 1714, 1754, 1988, 1978, 1777, 2637, 1790, 1819, 1859, 2062, 1751, 2261, 1583, 1623, 1801, 1788, 1899, 1885, 2187, 2029, 1994, 2182, 1828, 1659, 2095, 2285, 2002, 1739, 1736, 1672, 2074, 1627, 1667, 2057, 1922, 1706, 1889, 1835, 1650, 1649, 2256, 2005, 1806, 2098, 1868, 1626, 1963, 1724, 1992, 2081, 1964, 1793, 2229, 1959, 2019, 2083, 1965, 1789, 1885, 2185, 2062, 1646, 1784, 1836, 1825, 1838, 1866, 2088, 1899, 2054, 1916, 1960, 2040, 2559, 2230, 2045, 1702, 1820, 2333, 1880, 2185, 1899, 2031, 1843, 2127, 2054, 1699, 1896, 1594, 1695, 1965, 1568, 2018, 1775, 1872, 1728, 1801, 1993, 1716, 2049, 1844, 1950, 1908, 1683],