{"initial_reset_timestamp": 1605455498.6589153, "timestamps": [1605455504.9455974, 1605455507.883738, 1605455511.0273044, 1605455514.707464, 1605455517.7054787, 1605455520.864001, 1605455523.5209274, 1605455527.0963638, 1605455531.350987, 1605455535.1558132, 1605455552.7776458, 1605455571.5295036, 1605455586.2162316, 1605455601.951156, 1605455617.4681754, 1605455636.3962612, 1605455655.649248, 1605455673.8655381, 1605455695.2474732, 1605455713.4135976, 1605455736.429208, 1605455751.727057, 1605455772.146302, 1605455791.8660908, 1605455815.9019032, 1605455837.3865294, 1605455856.3862555, 1605455878.6850173, 1605455894.6610613, 1605455919.8800745, 1605455940.1646938, 1605455966.449142, 1605455986.9304302, 1605456010.8918822, 1605456036.3711975, 1605456063.250219, 1605456086.138312, 1605456113.7639892, 1605456138.0824883, 1605456165.9186463, 1605456198.4817774, 1605456225.075076, 1605456260.5177226, 1605456290.6503186, 1605456327.4489195, 1605456357.7644598, 1605456382.9403021, 1605456420.2113135, 1605456459.2485485, 1605456489.3494468, 1605456518.7824757, 1605456554.3389475, 1605456593.5656166, 1605456630.1450436, 1605456669.8184586, 1605456707.8917637, 1605456746.362041, 1605456785.5176957, 1605456830.865679, 1605456873.1217868, 1605456920.2313216, 1605456961.02538, 1605457010.356747, 1605457059.3108099, 1605457107.1140623, 1605457151.6131372, 1605457216.0068212, 1605457260.0087597, 1605457303.574778, 1605457364.3209805, 1605457420.389616, 1605457486.4306748, 1605457559.3065274, 1605457638.6585858, 1605457709.5948849, 1605457784.8674517, 1605457867.9418497, 1605457956.8905876, 1605458044.0343132, 1605458110.5362642, 1605458186.5568006, 1605458250.0716283, 1605458298.4295597, 1605458367.7244022, 1605458435.3968313, 1605458506.7555938, 1605458588.5803115, 1605458666.3167913, 1605458729.8697326, 1605458784.6699402, 1605458864.604629, 1605458942.1862845, 1605459008.1107993, 1605459079.3661747, 1605459153.0079262, 1605459201.7211204, 1605459272.0270064, 1605459344.247249, 1605459416.694991, 1605459501.3405395, 1605459587.110192, 1605459666.414135, 1605459705.34982, 1605459757.7108047, 1605459803.651958, 1605459869.556729, 1605459941.3447685, 1605460019.5930467, 1605460065.1915886, 1605460110.5243692, 1605460176.6724913, 1605460257.3692436, 1605460303.7773807, 1605460356.2393372, 1605460408.6936882, 1605460467.8847704, 1605460513.4258344, 1605460560.8937638, 1605460615.0019994, 1605460668.7378201, 1605460759.4693692, 1605460820.291353, 1605460868.1859052, 1605460946.8616657, 1605461022.183584, 1605461092.798905, 1605461155.48117, 1605461207.0492597, 1605461261.6046674, 1605461321.0562572, 1605461390.4616892, 1605461451.8496542, 1605461501.601753, 1605461545.0565906, 1605461584.2489612, 1605461632.48114, 1605461691.0454602, 1605461745.0332537, 1605461788.6158144, 1605461834.1527083, 1605461881.7769158, 1605461921.469134, 1605461964.76826, 1605462007.015502, 1605462063.0662384, 1605462111.4375548, 1605462160.6950257, 1605462209.6426864, 1605462254.9976327, 1605462299.082198, 1605462346.6008303, 1605462391.884694, 1605462443.9782498, 1605462493.1996708, 1605462539.3020911, 1605462583.2102757, 1605462625.7896063, 1605462681.4268196, 1605462735.8362517, 1605462782.2341068, 1605462828.402943, 1605462876.5610383, 1605462917.9836302, 1605462959.76378, 1605462999.6449926, 1605463047.8620062, 1605463067.5566347, 1605463122.3576689, 1605463168.8246276, 1605463217.3246226, 1605463271.978744, 1605463313.5773113, 1605463358.8530347, 1605463404.8815393, 1605463447.8889546, 1605463497.2743976, 1605463540.5304017, 1605463587.3868322, 1605463626.9876442, 1605463668.0109572, 1605463723.9747915, 1605463776.3727489, 1605463820.1859274, 1605463871.0066853, 1605463917.1535313, 1605463961.897589, 1605464004.863154, 1605464043.9876122, 1605464087.2030249, 1605464125.9849424, 1605464166.759176, 1605464207.6223645, 1605464247.19975, 1605464291.1408298, 1605464332.0638494, 1605464371.0900009, 1605464409.92818, 1605464460.1365101, 1605464508.8522408, 1605464553.6564069, 1605464598.7898247, 1605464639.9823735, 1605464678.509412, 1605464721.3937094, 1605464760.7193832, 1605464802.5189188, 1605464843.0435557, 1605464888.997487, 1605464929.1160886, 1605464966.165884, 1605465010.6595688, 1605465049.4059598, 1605465086.4385805, 1605465130.3601491, 1605465164.1258647, 1605465202.3367605, 1605465244.0442822, 1605465278.4305904, 1605465315.5739374, 1605465349.3975883, 1605465389.8600357, 1605465433.6150763, 1605465484.0057075, 1605465530.697122, 1605465573.7712176, 1605465625.7981184, 1605465663.173597, 1605465704.403569, 1605465753.4152143, 1605465804.0954776, 1605465849.467875, 1605465887.0180404, 1605465928.6451352, 1605465964.909115, 1605466003.209121, 1605466038.4970334, 1605466075.5537057, 1605466114.8578038, 1605466154.4785962, 1605466192.5654507, 1605466235.6980147, 1605466282.812114, 1605466333.2283347, 1605466373.0818388, 1605466411.0676284, 1605466449.7246509, 1605466488.8315268, 1605466531.4119506, 1605466576.2006972, 1605466620.5480711, 1605466658.8234892, 1605466695.3311114, 1605466734.7849047, 1605466770.740191], "episode_lengths": [893, 847, 887, 1033, 876, 878, 759, 991, 1180, 1043, 950, 938, 839, 899, 901, 1068, 1048, 943, 881, 907, 1181, 817, 1058, 932, 1103, 1088, 1003, 1190, 891, 1265, 969, 1062, 968, 1157, 1134, 1319, 1154, 1417, 1277, 1275, 1497, 1153, 1556, 1389, 1874, 1501, 1184, 1687, 1708, 1598, 1296, 1632, 1764, 1679, 1836, 1781, 1805, 1763, 2094, 1884, 2132, 1922, 2300, 2400, 2407, 2022, 2883, 1920, 2078, 2525, 2501, 2975, 2803, 3151, 2951, 3070, 3509, 3908, 3552, 2809, 3249, 3084, 2186, 3208, 3092, 3127, 3530, 3338, 2981, 2370, 3338, 3303, 2800, 2991, 3235, 2118, 2811, 3144, 3082, 3591, 3516, 3404, 1748, 2243, 1947, 2922, 3187, 3359, 1968, 1985, 2800, 3470, 1983, 2183, 2222, 2494, 1715, 1969, 2161, 2146, 3627, 2613, 1861, 3295, 3095, 2995, 2597, 2177, 2231, 2401, 2768, 2436, 2080, 1926, 1740, 2035, 2464, 2381, 1905, 2007, 1965, 1743, 1904, 1785, 2347, 2068, 1984, 1900, 1928, 1909, 1846, 1856, 2157, 2031, 1809, 1804, 1659, 2217, 2246, 1905, 1873, 2013, 1717, 1743, 1656, 2004, 823, 2286, 1919, 2000, 2144, 1728, 1851, 1867, 1770, 1985, 1668, 1966, 1844, 1841, 2339, 1956, 1981, 2181, 2025, 1739, 1654, 1839, 1968, 1648, 1682, 1680, 1675, 1921, 1662, 1661, 1667, 1939, 2144, 1921, 1867, 1811, 1701, 1867, 1683, 1799, 1900, 1908, 1691, 1646, 1882, 1719, 1646, 2000, 1698, 1849, 1791, 1647, 1808, 1683, 1872, 2065, 2332, 2039, 2019, 2394, 1682, 1940, 2308, 2371, 1984, 1775, 1917, 1724, 1793, 1677, 1652, 1706, 1803, 1633, 1871, 2013, 2175, 1741, 1703, 1807, 1821, 1976, 2093, 2019, 1710, 1686, 1828, 1664],