{"initial_reset_timestamp": 1605558817.3967416, "timestamps": [1605558820.0895412, 1605558822.9578705, 1605558825.4571881, 1605558828.0941362, 1605558830.4024715, 1605558833.3436067, 1605558836.8771584, 1605558839.3615148, 1605558842.0493283, 1605558844.717194, 1605558847.793994, 1605558850.8278823, 1605558853.6343768, 1605558856.8348196, 1605558859.6822054, 1605558862.329127, 1605558864.5880868, 1605558866.9128702, 1605558869.633595, 1605558872.2964752, 1605558874.5893445, 1605558877.6760898, 1605558880.3279986, 1605558883.8186638, 1605558886.3100028, 1605558888.8691595, 1605558891.4303126, 1605558894.2976456, 1605558897.4332616, 1605558899.882711, 1605558902.5465877, 1605558905.5046792, 1605558908.7603827, 1605558911.2436953, 1605558914.5279133, 1605558917.1598756, 1605558920.020227, 1605558922.4337728, 1605558925.0338206, 1605558927.8143852, 1605558930.4503376, 1605558933.058363, 1605558935.7591422, 1605558938.307327, 1605558941.1427455, 1605558943.7926593, 1605558946.630072, 1605558949.5811815, 1605558952.7536993, 1605558955.5841305, 1605558958.1452823, 1605558961.0279427, 1605558964.4268541, 1605558966.860348, 1605558969.5730932, 1605558972.2908263, 1605558975.3536363, 1605558978.3745584, 1605558981.6198835, 1605558984.6198604, 1605558987.9020846, 1605558990.3605099, 1605558992.9047067, 1605558995.896707, 1605558998.8109162, 1605559001.6792462, 1605559004.5685198, 1605559007.3480873, 1605559010.1037192, 1605559012.6578894, 1605559015.258934, 1605559017.5318563, 1605559020.6555035, 1605559023.7452414, 1605559027.013503, 1605559029.7172728, 1605559032.818978, 1605559035.3222842, 1605559037.8096333, 1605559040.9143317, 1605559043.7428095, 1605559046.8016303, 1605559049.1393795, 1605559051.920942, 1605559054.5678642, 1605559057.6007562, 1605559059.96543, 1605559062.4527795, 1605559065.715056, 1605559068.726005, 1605559071.7389483, 1605559074.4836488, 1605559076.9061713, 1605559080.0956423, 1605559083.2252738, 1605559086.300838, 1605559089.484286, 1605559092.2668457, 1605559095.1431537, 1605559097.794066, 1605559101.010465, 1605559103.2943578, 1605559106.302315, 1605559108.7447839, 1605559111.8684301, 1605559114.5582383, 1605559117.1423283, 1605559119.9667761, 1605559122.7652934, 1605559125.521921, 1605559128.4769588, 1605559131.0251443, 1605559133.716951, 1605559136.1663961, 1605559139.44463, 1605559142.48151, 1605559145.2481117, 1605559149.1092782, 1605559151.6185675, 1605559153.9742684, 1605559157.140801, 1605559159.8585348, 1605559163.0330453, 1605559166.0719192, 1605559168.8564737, 1605559171.3188887, 1605559174.5741847, 1605559177.6194382, 1605559180.7470753, 1605559183.6363485, 1605559186.3121936, 1605559189.4787261, 1605559191.9311688, 1605559195.6232955, 1605559198.3380365, 1605559201.0956624, 1605559203.8652565, 1605559207.8416238, 1605559210.523456, 1605559213.9832046, 1605559216.9313216, 1605559219.7289703, 1605559223.1019495, 1605559225.902339, 1605559229.0289776, 1605559232.9405203, 1605559236.5329144, 1605559239.231698, 1605559242.550033, 1605559245.4004116, 1605559248.2856984, 1605559251.5147479, 1605559254.5007637, 1605559257.7500749, 1605559260.8398132, 1605559263.906612, 1605559266.7739453, 1605559269.8646805, 1605559272.171517, 1605559274.9989562, 1605559278.1415522, 1605559280.4832907, 1605559283.1840687, 1605559285.7651665, 1605559288.3043659, 1605559291.5895813, 1605559294.0759327, 1605559297.1447272, 1605559299.6201072, 1605559302.871414, 1605559305.8803675, 1605559309.0778182, 1605559311.9551237, 1605559315.1246488, 1605559317.6678479, 1605559320.0823913, 1605559323.0973294, 1605559326.5052173, 1605559329.713637, 1605559332.2817705, 1605559335.6178493, 1605559337.953604, 1605559340.7700732, 1605559343.5436566, 1605559346.0210314, 1605559348.3448205, 1605559351.4814327, 1605559354.5701742, 1605559357.4414952, 1605559359.9128873, 1605559362.2369661, 1605559364.6325612, 1605559367.6165814, 1605559370.1557915, 1605559372.740879, 1605559375.4007664, 1605559378.829598, 1605559381.8934274, 1605559384.5943315, 1605559387.3619313, 1605559390.3559253, 1605559393.6301703, 1605559396.8475668, 1605559399.8834486, 1605559402.888338, 1605559406.0438995, 1605559409.0329075, 1605559411.8493764, 1605559415.4876485, 1605559418.1734655, 1605559421.1036298, 1605559424.1953626, 1605559426.9849033, 1605559429.2717886, 1605559432.184001, 1605559434.8528645, 1605559437.7831473, 1605559440.473953, 1605559443.050064, 1605559446.5215807, 1605559449.0508175, 1605559451.6887636, 1605559454.4493814, 1605559457.7455683, 1605559460.4453485, 1605559463.0074975, 1605559465.5686483, 1605559468.6663651, 1605559471.169672, 1605559473.9003706, 1605559477.0828605, 1605559480.2224648, 1605559483.1940575, 1605559487.4337204, 1605559489.8296459, 1605559493.0419443, 1605559496.3351371, 1605559499.4298618, 1605559502.1316383, 1605559504.5202506, 1605559507.1791403, 1605559510.344676, 1605559513.536142, 1605559516.1591284, 1605559519.3505938, 1605559521.8728495, 1605559524.7292118, 1605559528.3136275, 1605559531.065269, 1605559533.9216318, 1605559536.6413586, 1605559539.5406065, 1605559542.1227014, 1605559544.5512075, 1605559547.368674, 1605559551.0009613, 1605559554.114635, 1605559557.3400114, 1605559560.0567467, 1605559562.57202, 1605559565.6744125, 1605559568.5128217, 1605559571.9606035, 1605559574.8289323, 1605559578.2866862, 1605559581.1181147, 1605559584.0203543, 1605559587.2108238, 1605559589.7360704, 1605559592.0837932, 1605559594.8164854, 1605559598.3141327, 1605559601.1335957, 1605559603.720676, 1605559607.0148668, 1605559609.787453, 1605559612.6468072, 1605559615.7465186, 1605559619.8984163, 1605559623.412021, 1605559626.4790497, 1605559629.1050274, 1605559632.2944994, 1605559634.8506641, 1605559637.7339532, 1605559640.2402523, 1605559643.002865, 1605559646.2980537, 1605559649.4755566, 1605559652.0975451, 1605559654.6826344, 1605559658.2371283, 1605559661.8105726, 1605559664.8015752, 1605559667.4774196, 1605559669.835115, 1605559672.8201332, 1605559675.9058824, 1605559679.0145693, 1605559681.6016512, 1605559684.0102112, 1605559687.1959848, 1605559689.9256866, 1605559692.4489388, 1605559694.98017, 1605559697.6031566, 1605559700.45154, 1605559703.6440036, 1605559706.8324769, 1605559709.3307965, 1605559712.0944066, 1605559714.885942, 1605559717.4750838, 1605559720.476059, 1605559723.062144, 1605559726.0202339, 1605559729.3443449, 1605559731.6242487, 1605559734.0876617, 1605559736.9460182, 1605559739.4802425, 1605559742.8661878, 1605559746.377057, 1605559749.6034293, 1605559752.3620532, 1605559755.1665535, 1605559759.1489048, 1605559761.6043391, 1605559765.066082, 1605559768.0451164, 1605559771.4968276, 1605559774.175665, 1605559776.87892, 1605559779.4251113, 1605559781.917448, 1605559784.3858464, 1605559787.23423, 1605559790.0227733, 1605559792.9329915, 1605559795.8312418, 1605559799.3099399, 1605559801.7773423, 1605559804.8241942, 1605559807.7188654, 1605559810.2720385, 1605559813.9043255, 1605559817.2064953, 1605559820.2393856, 1605559823.2403643, 1605559826.1326268, 1605559828.8931825, 1605559832.4477942, 1605559835.2024274, 1605559838.7439535, 1605559842.4530346, 1605559845.1986933, 1605559848.3978064, 1605559851.8276358, 1605559854.425688, 1605559857.2850425, 1605559860.2191963, 1605559863.6754513, 1605559866.9764876, 1605559870.3950367, 1605559873.8019283, 1605559876.7032409, 1605559879.5515537, 1605559882.077799, 1605559884.808497, 1605559887.3018298, 1605559890.3048007, 1605559893.1252582, 1605559896.4677274, 1605559899.740808, 1605559902.8624601, 1605559905.4764707, 1605559908.1483257, 1605559910.6825495, 1605559914.576138, 1605559917.7127507, 1605559920.2649264, 1605559923.6977468, 1605559926.0674102, 1605559928.9487064, 1605559931.555735, 1605559934.2794511, 1605559937.3521976, 1605559939.8864207, 1605559943.0649211, 1605559946.1446857, 1605559949.5844884, 1605559952.781938],