{"initial_reset_timestamp": 1605785896.9658816, "timestamps": [1605785902.7085261, 1605785905.4541852, 1605785908.596337, 1605785912.1229074, 1605785914.817701, 1605785918.3961327, 1605785921.1328146, 1605785924.184654, 1605785927.644405, 1605785930.7999678, 1605785934.345487, 1605785944.2470098, 1605785956.2140107, 1605785967.93558, 1605785979.8889968, 1605785992.3166797, 1605786001.5469983, 1605786011.8903391, 1605786025.55986, 1605786037.7250025, 1605786053.726215, 1605786066.2796466, 1605786077.7329705, 1605786088.9469843, 1605786099.8219044, 1605786114.6915812, 1605786130.9201603, 1605786145.6248412, 1605786160.8410745, 1605786175.0141766, 1605786186.7123835, 1605786200.9273908, 1605786214.2328117, 1605786225.9195616, 1605786238.8519802, 1605786251.8272843, 1605786265.1684794, 1605786276.1782568, 1605786287.7433321, 1605786300.291778, 1605786312.4121592, 1605786327.0579963, 1605786341.4903584, 1605786355.0341425, 1605786372.6519542, 1605786384.9450836, 1605786404.0111008, 1605786418.980073, 1605786430.793486, 1605786445.3545501, 1605786466.6426263, 1605786489.1265042, 1605786503.2467468, 1605786515.4258893, 1605786530.8565218, 1605786552.9262676, 1605786566.2213695, 1605786581.0447326, 1605786596.212199, 1605786612.2034388, 1605786629.500185, 1605786652.2633164, 1605786669.4463685, 1605786685.1693254, 1605786699.6621506, 1605786714.3683877, 1605786727.2050626, 1605786741.358219, 1605786758.580167, 1605786771.7868526, 1605786785.5245264, 1605786802.468986, 1605786816.63903, 1605786828.1960914, 1605786842.8378484, 1605786863.0446596, 1605786882.2293806, 1605786898.7323213, 1605786914.8093312, 1605786928.894667, 1605786948.1924605, 1605786962.9794297, 1605786980.528371, 1605786993.0269496, 1605787012.8829205, 1605787029.7957265, 1605787045.5068383, 1605787064.0033784, 1605787081.2551708, 1605787102.915236, 1605787121.347894, 1605787139.5252473, 1605787158.099248, 1605787178.8528943, 1605787208.1441605, 1605787231.8906627, 1605787251.9775536, 1605787270.6758144, 1605787287.6733627, 1605787306.191765, 1605787331.1221013, 1605787346.5299003, 1605787362.3027246, 1605787380.325534, 1605787402.8064208, 1605787418.7667422, 1605787435.494008, 1605787452.6670878, 1605787467.932397, 1605787485.5767915, 1605787510.1071568, 1605787533.6781275, 1605787554.5490565, 1605787575.4823046, 1605787606.7706394, 1605787631.4242795, 1605787650.5216966, 1605787675.9137979, 1605787700.0781825, 1605787724.952669, 1605787751.2716758, 1605787781.6673381, 1605787805.6342506, 1605787834.9649565, 1605787864.7453244, 1605787885.6613944, 1605787900.715297, 1605787930.5810964, 1605787949.0155761, 1605787975.0699065, 1605787999.666362, 1605788029.568441, 1605788052.391873, 1605788079.3398142, 1605788096.3889883, 1605788128.0464933, 1605788152.2028985, 1605788193.086398, 1605788229.7901387, 1605788258.3377414, 1605788282.7437446, 1605788312.1121597, 1605788336.0044625, 1605788367.613887, 1605788391.7238638, 1605788424.8033044, 1605788453.6930537, 1605788484.9447103, 1605788515.1518888, 1605788541.9861338, 1605788575.5244522, 1605788607.5667713, 1605788639.737218, 1605788669.5694463, 1605788696.8733673, 1605788737.8430839, 1605788772.0261326, 1605788802.137006], "episode_lengths": [820, 837, 957, 1028, 815, 1081, 806, 910, 1059, 968, 783, 835, 1027, 987, 929, 1032, 760, 851, 1048, 968, 1109, 914, 891, 887, 836, 1126, 1056, 1001, 913, 843, 807, 972, 1035, 958, 1053, 1048, 1096, 895, 942, 1018, 906, 1168, 1034, 972, 1081, 863, 1408, 1170, 924, 1026, 1440, 1586, 1075, 927, 1165, 1621, 928, 1015, 1081, 1126, 1149, 1460, 1157, 1100, 1029, 1032, 963, 1078, 1302, 1003, 938, 1235, 1061, 862, 1008, 1300, 1037, 1035, 1126, 1018, 1269, 1033, 1269, 892, 1402, 1023, 1043, 1267, 1241, 1340, 1246, 1204, 1279, 1312, 1836, 1524, 1185, 1201, 1114, 1155, 1533, 1023, 1045, 1181, 1392, 1005, 1068, 1101, 999, 1137, 1481, 1458, 1288, 1290, 1758, 1398, 1258, 1756, 1517, 1574, 1483, 2041, 1455, 1902, 1842, 1420, 1019, 1940, 1218, 1651, 1462, 1880, 1482, 1799, 1127, 2113, 1399, 2224, 2123, 1696, 1468, 1809, 1428, 1918, 1555, 2030, 1746, 1690, 1861, 1588, 1980, 1990, 2043, 1753, 1664, 2349, 2070, 1668], "episode_rewards": [-21.0, -20.0, -19.0, -20.0, -21.0, -19.0, -21.0, -20.0, -18.0, -20.0, -21.0, -20.0, -19.0, -20.0, -20.0, -19.0, -21.0, -20.0, -19.0, -19.0, -17.0, -20.0, -20.0, -20.0, -20.0, -18.0, -20.0, -19.0, -20.0, -21.0, -21.0, -20.0, -18.0, -20.0, -19.0, -19.0, -19.0, -21.0, -21.0, -19.0, -20.0, -18.0, -20.0, -20.0, -18.0, -21.0, -16.0, -17.0, -20.0, -19.0, -15.0, -15.0, -20.0, -19.0, -19.0, -14.0, -21.0, -19.0, -20.0, -20.0, -19.0, -18.0, -18.0, -19.0, -19.0, -19.0, -20.0, -19.0, -17.0, -20.0, -21.0, -19.0, -19.0, -20.0, -19.0, -17.0, -20.0, -20.0, -20.0, -19.0, -18.0, -20.0, -17.0, -20.0, -16.0, -19.0, -19.0, -15.0, -18.0, -16.0, -18.0, -17.0, -18.0, -18.0, -15.0, -17.0, -20.0, -19.0, -21.0, -18.0, -14.0, -19.0, -20.0, -19.0, -16.0, -20.0, -19.0, -20.0, -21.0, -20.0, -15.0, -15.0, -18.0, -18.0, -13.0, -15.0, -17.0, -14.0, -16.0, -15.0, -17.0, -8.0, -15.0, -18.0, -14.0, -16.0, -19.0, -11.0, -19.0, -14.0, -16.0, -15.0, -16.0, -16.0, -18.0, -12.0, -18.0, -13.0, -12.0, -16.0, -15.0, -13.0, -17.0, -13.0, -19.0, -13.0, -12.0, -13.0, -15.0, -15.0, -15.0, -17.0, -11.0, -18.0, -15.0, -9.0, -13.0, -16.0], "episode_types": ["t", "t", "t", "t", "t", "t", "t", "t", "t", "t", "t", "t", "t", "t", "t", "t", "t", "t", "t", "t", "t", "t", "t", "t", "t", "t", "t", "t", "t", "t", "t", "t", "t", "t", "t", "t", "t", "t", "t", "t", "t", "t", "t", "t", "t", "t", "t", "t", "t", "t", "t", "t", "t", "t", "t", "t", "t", "t", "t", "t", "t", "t", "t", "t", "t", "t", "t", "t", "t", "t", "t", "t", "t", "t", "t", "t", "t", "t", "t", "t", "t", "t", "t", "t", "t", "t", "t", "t", "t", "t", "t", "t", "t", "t", "t", "t", "t", "t", "t", "t", "t", "t", "t", "t", "t", "t", "t", "t", "t", "t", "t", "t", "t", "t", "t", "t", "t", "t", "t", "t", "t", "t", "t", "t", "t", "t", "t", "t", "t", "t", "t", "t", "t", "t", "t", "t", "t", "t", "t", "t", "t", "t", "t", "t", "t", "t", "t", "t", "t", "t", "t", "t", "t", "t", "t", "t", "t", "t", "t"]}