{"initial_reset_timestamp": 1605792237.786934, "timestamps": [1605792289.8422406, 1605792335.8971102, 1605792383.1114793, 1605792440.367566, 1605792487.3938363, 1605792544.3423603, 1605792588.8426085, 1605792646.2866647, 1605792690.172554, 1605792741.49709, 1605792796.4605737, 1605792850.14574, 1605792897.1897492, 1605792945.3684206, 1605792994.2886827, 1605793047.5782828, 1605793096.673663, 1605793153.3417926, 1605793200.7964208, 1605793236.8245983, 1605793282.0810046, 1605793348.846552, 1605793388.378157, 1605793437.3739653, 1605793476.8650692, 1605793515.0936012, 1605793560.421049, 1605793602.0790627, 1605793642.6215444, 1605793682.2442992, 1605793715.52674, 1605793748.3950267, 1605793782.9698312, 1605793822.1251764, 1605793859.565201, 1605793893.7159798, 1605793927.7399364, 1605793959.1868906], "episode_lengths": [2696, 2904, 2898, 3293, 2742, 3347, 2575, 3297, 2808, 3005, 3051, 3078, 2754, 2751, 2924, 3079, 2768, 2994, 2818, 1958, 2254, 3590, 2356, 2908, 2390, 2264, 2739, 2446, 2331, 2467, 1752, 1898, 1802, 2059, 2035, 2118, 2076, 2012], "episode_rewards": [-1.0, 4.0, 4.0, 3.0, 3.0, 2.0, 7.0, 7.0, 1.0, 8.0, 3.0, 7.0, 10.0, 10.0, 11.0, 10.0, 12.0, 1.0, 14.0, 15.0, 13.0, 6.0, 15.0, 8.0, 18.0, 17.0, -8.0, 17.0, 15.0, 10.0, 19.0, 19.0, 19.0, 18.0, 16.0, 13.0, 19.0, 17.0], "episode_types": ["t", "t", "t", "t", "t", "t", "t", "t", "t", "t", "t", "t", "t", "t", "t", "t", "t", "t", "t", "t", "t", "t", "t", "t", "t", "t", "t", "t", "t", "t", "t", "t", "t", "t", "t", "t", "t", "t", "t"]}