{"initial_reset_timestamp": 1605788815.358401, "timestamps": [1605788837.9726474, 1605788862.7304454, 1605788890.488222, 1605788913.7302754, 1605788938.3823557, 1605788960.603276, 1605788985.4151638, 1605789014.8365452, 1605789044.2056794, 1605789071.525625, 1605789098.386799, 1605789128.1545775, 1605789154.1809802, 1605789184.9651668, 1605789220.0119848, 1605789254.0194018, 1605789284.4509387, 1605789313.4304469, 1605789349.4203649, 1605789376.6543958, 1605789403.5524704, 1605789447.5188532, 1605789478.352405, 1605789507.2611027, 1605789548.0420542, 1605789582.7089927, 1605789612.7696106, 1605789658.4404867, 1605789690.4715214, 1605789725.0221066, 1605789767.8316941, 1605789812.8824482, 1605789846.9096606, 1605789890.8283958, 1605789939.7415242, 1605789984.725234, 1605790013.228069, 1605790062.021594, 1605790115.735963, 1605790161.7112515, 1605790210.5657287, 1605790261.101652, 1605790318.538581, 1605790367.2321484, 1605790415.6977713, 1605790475.30949, 1605790523.0619564, 1605790583.9329038, 1605790636.6284978, 1605790688.3664064, 1605790743.0531743, 1605790789.719694, 1605790847.5430741, 1605790905.6279771, 1605790956.6120217, 1605790999.9073794, 1605791060.4076188, 1605791105.5255136, 1605791142.4755175, 1605791180.9680371, 1605791229.946722, 1605791273.6283298, 1605791314.6574318, 1605791360.9569204, 1605791398.638629, 1605791441.904818, 1605791484.0990703, 1605791518.1405041, 1605791557.6797938, 1605791592.4222028, 1605791627.7166412, 1605791660.5057561, 1605791693.7343926, 1605791727.4257724, 1605791763.6920638, 1605791793.6757233, 1605791836.358852, 1605791872.3865323, 1605791902.3156104, 1605791931.1723769, 1605791958.7521696, 1605791984.800463, 1605792013.7759845, 1605792047.3085806, 1605792081.2156513, 1605792118.0758588, 1605792154.6565402, 1605792185.7855237, 1605792218.8581376], "episode_lengths": [1339, 1535, 1756, 1477, 1591, 1449, 1602, 1840, 1743, 1697, 1677, 1721, 1602, 1690, 2104, 2082, 1790, 1619, 2112, 1618, 1642, 2590, 1835, 1751, 2214, 2175, 1870, 2690, 1858, 1948, 2525, 2292, 1847, 2528, 2917, 2639, 1625, 2868, 3007, 2805, 2827, 2855, 3073, 3050, 2875, 3394, 2802, 3191, 2946, 3043, 3027, 2714, 3336, 3299, 2908, 2570, 3297, 2484, 2257, 2232, 2846, 2643, 2471, 2784, 2268, 2557, 2448, 2071, 2411, 2123, 2015, 1907, 1883, 1987, 2081, 1700, 2524, 2246, 1836, 1841, 1658, 1688, 1886, 1919, 1738, 2007, 2015, 1695, 1918], "episode_rewards": [-19.0, -18.0, -16.0, -16.0, -17.0, -16.0, -19.0, -17.0, -16.0, -14.0, -18.0, -18.0, -16.0, -16.0, -14.0, -13.0, -16.0, -16.0, -14.0, -16.0, -16.0, -14.0, -13.0, -17.0, -12.0, -14.0, -17.0, -5.0, -14.0, -13.0, -9.0, -10.0, -14.0, -10.0, -4.0, -5.0, -15.0, -6.0, -2.0, -5.0, -6.0, -3.0, -2.0, -7.0, -4.0, -3.0, -4.0, -3.0, 3.0, 3.0, -2.0, 10.0, 1.0, 3.0, 4.0, 11.0, -2.0, 12.0, 13.0, 16.0, 10.0, 11.0, 13.0, 7.0, 13.0, 9.0, 11.0, 16.0, 12.0, 15.0, 15.0, 19.0, 19.0, 17.0, 16.0, 20.0, 15.0, 16.0, 17.0, 18.0, 20.0, 20.0, 18.0, 18.0, 19.0, 16.0, 16.0, 20.0, 18.0], "episode_types": ["t", "t", "t", "t", "t", "t", "t", "t", "t", "t", "t", "t", "t", "t", "t", "t", "t", "t", "t", "t", "t", "t", "t", "t", "t", "t", "t", "t", "t", "t", "t", "t", "t", "t", "t", "t", "t", "t", "t", "t", "t", "t", "t", "t", "t", "t", "t", "t", "t", "t", "t", "t", "t", "t", "t", "t", "t", "t", "t", "t", "t", "t", "t", "t", "t", "t", "t", "t", "t", "t", "t", "t", "t", "t", "t", "t", "t", "t", "t", "t", "t", "t", "t", "t", "t", "t", "t", "t", "t", "t"]}