{"initial_reset_timestamp": 1605794169.0647316, "timestamps": [1605794174.866219, 1605794177.7225802, 1605794180.820297, 1605794184.2182114, 1605794188.0758953, 1605794192.1988704, 1605794195.5898058, 1605794198.6566057, 1605794201.6146958, 1605794204.987676, 1605794218.4841962, 1605794230.7942789, 1605794250.2678378, 1605794263.547531, 1605794277.635213, 1605794292.7835307, 1605794305.6858654, 1605794317.5690897, 1605794331.6753705, 1605794344.7952147, 1605794361.779552, 1605794379.9748275, 1605794393.1252759, 1605794405.7275774, 1605794419.2563171, 1605794429.3433447, 1605794446.4660676, 1605794460.4648893, 1605794475.9873831, 1605794491.0513635, 1605794508.0020373, 1605794519.6429105, 1605794530.059057, 1605794544.113561, 1605794561.5319266, 1605794575.2064483, 1605794590.2372565, 1605794604.3654766, 1605794618.7879114, 1605794636.986211, 1605794656.2723293, 1605794667.319788, 1605794682.7485318, 1605794695.0386674, 1605794708.724073, 1605794727.5447464, 1605794745.25838, 1605794758.5259035, 1605794775.1753826, 1605794791.4029899, 1605794813.4011664, 1605794829.1949637, 1605794850.6954715, 1605794871.2106147, 1605794886.3102376, 1605794906.347658, 1605794926.6792915, 1605794942.6872942, 1605794958.5101368, 1605794975.490731, 1605794992.6528397, 1605795005.7677708, 1605795025.3343704, 1605795043.6763232, 1605795064.884612, 1605795082.2511742, 1605795097.5064058, 1605795115.2558818, 1605795133.9588723, 1605795155.9969428, 1605795176.1490555, 1605795189.6419756, 1605795204.3705912, 1605795216.8133197, 1605795230.6762455, 1605795244.10035, 1605795264.9356363, 1605795280.5152884, 1605795299.242212, 1605795318.1272416, 1605795336.9020386, 1605795354.302509, 1605795369.729628, 1605795388.855425, 1605795407.5294902, 1605795425.7559557, 1605795447.1526353, 1605795467.7715638, 1605795488.8522303, 1605795515.5396597, 1605795542.19136, 1605795571.0761669, 1605795595.1823995, 1605795617.955369, 1605795650.127764, 1605795678.3310914, 1605795699.5580735, 1605795719.718226, 1605795743.623343, 1605795773.2315655, 1605795795.0285568, 1605795817.7368343, 1605795840.9158535, 1605795857.4346821, 1605795882.5072687, 1605795908.7476444, 1605795932.4193459, 1605795958.4018166, 1605795979.9870973, 1605796001.8865383, 1605796021.8531477, 1605796047.9812813, 1605796072.374184, 1605796098.5062504, 1605796123.5293381, 1605796152.6507764, 1605796176.212475, 1605796198.478384, 1605796226.2817647, 1605796250.1489446, 1605796271.9706383, 1605796303.3239796, 1605796327.8152266, 1605796356.1973324, 1605796390.2333212, 1605796442.0321808, 1605796467.2893877, 1605796506.7650375, 1605796542.529218, 1605796586.0614097, 1605796627.7151244, 1605796661.1574962, 1605796690.1838636, 1605796718.6527393, 1605796746.456158, 1605796778.1384406, 1605796833.3328607, 1605796870.46457, 1605796903.1501722, 1605796959.7202492, 1605796986.0448565, 1605797017.8787332, 1605797058.4285266, 1605797093.6513417, 1605797130.2112424, 1605797188.241631, 1605797228.1050355, 1605797281.676785, 1605797315.0954237, 1605797358.3154163], "episode_lengths": [820, 837, 957, 1028, 1185, 1253, 1034, 933, 915, 1038, 989, 919, 1290, 761, 908, 1066, 934, 851, 1004, 865, 1019, 1054, 887, 880, 1004, 758, 1221, 955, 1055, 1126, 1167, 855, 774, 1021, 1281, 1009, 1031, 917, 931, 1189, 1197, 776, 1082, 868, 965, 1328, 1241, 924, 1160, 1126, 1381, 1079, 1488, 1406, 1037, 1339, 1379, 1084, 1083, 1157, 1088, 881, 1330, 1194, 1356, 1167, 1022, 1186, 1250, 1460, 1275, 893, 963, 822, 905, 881, 1364, 1025, 1219, 1235, 1158, 1122, 996, 1231, 1189, 1159, 1265, 1145, 1189, 1561, 1407, 1626, 1356, 1317, 1717, 1506, 1237, 1202, 1485, 1802, 1284, 1425, 1422, 1037, 1581, 1584, 1375, 1509, 1257, 1299, 1122, 1544, 1419, 1403, 1435, 1589, 1401, 1249, 1639, 1262, 1141, 1726, 1273, 1744, 1954, 2469, 1251, 1894, 1841, 2245, 1993, 1766, 1638, 1522, 1526, 1507, 2508, 1741, 1821, 3069, 1455, 1905, 2442, 2022, 2070, 3247, 2054, 2696, 1867, 2515], "episode_rewards": [-21.0, -20.0, -19.0, -20.0, -18.0, -18.0, -20.0, -21.0, -20.0, -18.0, -19.0, -20.0, -17.0, -21.0, -20.0, -19.0, -19.0, -20.0, -20.0, -20.0, -19.0, -19.0, -20.0, -21.0, -18.0, -21.0, -18.0, -20.0, -18.0, -19.0, -18.0, -20.0, -21.0, -19.0, -18.0, -20.0, -18.0, -20.0, -20.0, -18.0, -18.0, -21.0, -19.0, -21.0, -21.0, -17.0, -18.0, -20.0, -18.0, -19.0, -16.0, -20.0, -16.0, -17.0, -20.0, -18.0, -17.0, -20.0, -20.0, -19.0, -20.0, -20.0, -17.0, -18.0, -18.0, -19.0, -20.0, -18.0, -16.0, -16.0, -19.0, -21.0, -21.0, -21.0, -21.0, -20.0, -17.0, -21.0, -19.0, -20.0, -20.0, -18.0, -20.0, -17.0, -18.0, -18.0, -19.0, -18.0, -17.0, -18.0, -17.0, -16.0, -19.0, -18.0, -15.0, -17.0, -19.0, -20.0, -17.0, -13.0, -19.0, -17.0, -17.0, -19.0, -15.0, -14.0, -16.0, -14.0, -18.0, -18.0, -20.0, -16.0, -17.0, -18.0, -17.0, -18.0, -16.0, -17.0, -17.0, -20.0, -19.0, -13.0, -17.0, -18.0, -11.0, -11.0, -18.0, -15.0, -14.0, -10.0, -11.0, -14.0, -14.0, -16.0, -16.0, -15.0, -11.0, -13.0, -15.0, -4.0, -17.0, -15.0, -13.0, -11.0, -11.0, -5.0, -12.0, -7.0, -14.0, -8.0], "episode_types": ["t", "t", "t", "t", "t", "t", "t", "t", "t", "t", "t", "t", "t", "t", "t", "t", "t", "t", "t", "t", "t", "t", "t", "t", "t", "t", "t", "t", "t", "t", "t", "t", "t", "t", "t", "t", "t", "t", "t", "t", "t", "t", "t", "t", "t", "t", "t", "t", "t", "t", "t", "t", "t", "t", "t", "t", "t", "t", "t", "t", "t", "t", "t", "t", "t", "t", "t", "t", "t", "t", "t", "t", "t", "t", "t", "t", "t", "t", "t", "t", "t", "t", "t", "t", "t", "t", "t", "t", "t", "t", "t", "t", "t", "t", "t", "t", "t", "t", "t", "t", "t", "t", "t", "t", "t", "t", "t", "t", "t", "t", "t", "t", "t", "t", "t", "t", "t", "t", "t", "t", "t", "t", "t", "t", "t", "t", "t", "t", "t", "t", "t", "t", "t", "t", "t", "t", "t", "t", "t", "t", "t", "t", "t", "t", "t", "t", "t", "t", "t", "t", "t"]}