{"initial_reset_timestamp": 1605797380.1101382, "timestamps": [1605797410.6644351, 1605797445.3736224, 1605797474.6633053, 1605797499.883965, 1605797535.2963507, 1605797571.7698205, 1605797602.8377454, 1605797636.0215209, 1605797675.4760203, 1605797707.6023948, 1605797741.014053, 1605797771.684042, 1605797802.031891, 1605797835.1413565, 1605797864.042076, 1605797893.16584, 1605797923.4598334, 1605797956.6341257, 1605797987.0988133, 1605798023.5164576, 1605798058.6505098, 1605798088.0583808, 1605798126.439636, 1605798161.2930374, 1605798193.8776238, 1605798242.4412022, 1605798276.7403765, 1605798309.291683, 1605798346.1533988, 1605798383.2759936, 1605798433.0673573, 1605798493.1526299, 1605798532.3148563, 1605798575.0894785, 1605798617.517972, 1605798669.6821945, 1605798717.1183538, 1605798790.728521, 1605798843.4066591, 1605798888.1380506, 1605798945.9147103, 1605798999.6586905, 1605799055.6162038, 1605799111.908634, 1605799158.5014038, 1605799206.1441855, 1605799257.032111, 1605799309.2454927, 1605799357.3858042, 1605799407.668296, 1605799464.296324, 1605799520.2743373, 1605799576.2987318, 1605799637.6749566, 1605799707.2450535, 1605799767.8744354, 1605799835.49284, 1605799892.128477, 1605799942.4355996, 1605799996.2522697, 1605800069.450527, 1605800129.4989562, 1605800174.9285057, 1605800208.6979105, 1605800255.7994413, 1605800296.8785956, 1605800349.6634495, 1605800392.6682894, 1605800432.7986448, 1605800488.078478, 1605800528.1677287, 1605800582.4824543, 1605800618.976815, 1605800657.3412287, 1605800697.639011, 1605800739.3643227, 1605800774.8918457, 1605800806.7227335, 1605800846.588129, 1605800890.4388196, 1605800945.2671983], "episode_lengths": [1752, 1971, 1700, 1415, 1859, 1785, 1663, 1816, 1989, 1691, 1682, 1650, 1688, 1780, 1736, 1748, 1826, 1932, 1774, 2022, 1806, 1701, 2159, 1951, 1825, 2619, 1998, 1849, 2101, 2055, 2702, 3189, 2082, 2282, 2443, 2643, 2554, 3882, 2795, 2426, 3075, 2957, 3097, 3123, 2811, 2761, 2953, 3199, 2941, 3066, 3267, 3338, 3402, 3302, 4002, 3405, 3509, 3206, 3011, 2933, 3414, 3286, 2681, 1982, 2773, 2417, 2850, 2330, 2086, 2737, 2258, 3030, 2148, 2138, 2217, 2269, 1873, 1863, 2185, 2383, 2891], "episode_rewards": [-16.0, -14.0, -15.0, -19.0, -14.0, -15.0, -15.0, -18.0, -14.0, -18.0, -18.0, -16.0, -17.0, -14.0, -14.0, -18.0, -13.0, -14.0, -16.0, -13.0, -15.0, -16.0, -13.0, -11.0, -15.0, -12.0, -14.0, -12.0, -12.0, -10.0, -8.0, -5.0, -10.0, -9.0, -9.0, -8.0, -7.0, -3.0, -7.0, -9.0, 2.0, -3.0, -2.0, 3.0, 6.0, -5.0, 1.0, -1.0, -3.0, -4.0, -1.0, 2.0, 1.0, 6.0, 3.0, 2.0, 2.0, 3.0, 7.0, 5.0, -1.0, 1.0, 9.0, -11.0, 6.0, 13.0, 5.0, 12.0, 15.0, 10.0, 12.0, 1.0, 14.0, 17.0, 15.0, 15.0, 17.0, 18.0, 15.0, 11.0, 9.0], "episode_types": ["t", "t", "t", "t", "t", "t", "t", "t", "t", "t", "t", "t", "t", "t", "t", "t", "t", "t", "t", "t", "t", "t", "t", "t", "t", "t", "t", "t", "t", "t", "t", "t", "t", "t", "t", "t", "t", "t", "t", "t", "t", "t", "t", "t", "t", "t", "t", "t", "t", "t", "t", "t", "t", "t", "t", "t", "t", "t", "t", "t", "t", "t", "t", "t", "t", "t", "t", "t", "t", "t", "t", "t", "t", "t", "t", "t", "t", "t", "t", "t", "t", "t"]}