{"initial_reset_timestamp": 1605800988.4549568, "timestamps": [1605801045.3666186, 1605801088.4025402, 1605801137.8922064, 1605801192.6707132, 1605801242.85153, 1605801317.4619224, 1605801373.7553933, 1605801436.0737545, 1605801490.3389657, 1605801541.6018345, 1605801594.716805, 1605801645.6206884, 1605801707.8199806, 1605801758.944275, 1605801813.8356354, 1605801856.060726, 1605801917.0975156, 1605801969.9620607, 1605802035.677367, 1605802078.2445421, 1605802124.3512535, 1605802178.26409, 1605802226.6192946, 1605802282.7767663, 1605802325.9296558, 1605802370.7767045, 1605802409.1931486, 1605802446.6727219, 1605802484.7922688, 1605802527.8899705, 1605802565.4168239, 1605802608.248696, 1605802653.74854, 1605802695.032745, 1605802746.785787], "episode_lengths": [2762, 2305, 2741, 3064, 2915, 4417, 3335, 3660, 3183, 3026, 3015, 2883, 3604, 2995, 3259, 2421, 3604, 3136, 3871, 2471, 2590, 3151, 2754, 3134, 2499, 2544, 2227, 2178, 2216, 2400, 2037, 2462, 2159, 2166, 2613], "episode_rewards": [2.0, 3.0, 5.0, 5.0, 5.0, 5.0, 5.0, 5.0, 5.0, 5.0, 5.0, 10.0, 8.0, 7.0, 5.0, 9.0, 7.0, 9.0, 10.0, 10.0, 6.0, -1.0, 9.0, 9.0, 13.0, 11.0, 12.0, 15.0, 14.0, 11.0, 20.0, 11.0, 16.0, 13.0, 8.0], "episode_types": ["t", "t", "t", "t", "t", "t", "t", "t", "t", "t", "t", "t", "t", "t", "t", "t", "t", "t", "t", "t", "t", "t", "t", "t", "t", "t", "t", "t", "t", "t", "t", "t", "t", "t", "t", "t"]}