{"initial_reset_timestamp": 1606500710.8596783, "timestamps": [1606500711.1499012, 1606500711.5179167, 1606500711.789191, 1606500711.88693, 1606500712.0814095, 1606500717.3114188, 1606500717.5457916, 1606500718.882217, 1606500719.2622004, 1606500719.357944, 1606500719.8117304, 1606500720.2405837, 1606500722.050741, 1606500722.7438867, 1606500722.850601, 1606500722.940361, 1606500723.7112987, 1606500724.2398846, 1606500724.3416126, 1606500724.427383, 1606500724.593941, 1606500724.8761826, 1606500726.2943888, 1606500726.7172575, 1606500727.4034224, 1606500727.8562107, 1606500727.9898531, 1606500728.256141, 1606500728.421698, 1606500729.5556645, 1606500730.2518024, 1606500731.8335714, 1606500732.033038, 1606500732.3092985, 1606500732.6453993, 1606500733.6058304, 1606500735.3870654, 1606500736.8521461, 1606500737.154338, 1606500737.2909725, 1606500737.4455588, 1606500737.6589887, 1606500740.269006, 1606500741.5356178, 1606500741.7091537, 1606500741.7879426, 1606500742.5528967, 1606500751.893533, 1606500755.6994433], "episode_lengths": [48, 109, 85, 31, 52, 1188, 72, 465, 109, 31, 114, 127, 605, 233, 28, 29, 269, 164, 33, 27, 30, 72, 486, 146, 238, 141, 44, 91, 55, 379, 190, 536, 67, 82, 114, 332, 618, 484, 102, 45, 25, 65, 889, 430, 58, 25, 264, 651, 201], "episode_rewards": [10.0, 20.0, 10.0, 10.0, 0.0, 90.0, 20.0, 95.0, 0.0, 10.0, 50.0, 40.0, 80.0, 60.0, 0.0, 10.0, 10.0, 20.0, 0.0, 10.0, 10.0, 10.0, 80.0, 20.0, 40.0, 20.0, 10.0, 10.0, 0.0, 50.0, 50.0, 75.0, 60.0, 0.0, 30.0, 50.0, 110.0, 140.0, 50.0, 15.0, 0.0, 30.0, 140.0, 35.0, 30.0, 15.0, 135.0, 90.0, 50.0], "episode_types": ["t", "t", "t", "t", "t", "t", "t", "t", "t", "t", "t", "t", "t", "t", "t", "t", "t", "t", "t", "t", "t", "t", "t", "t", "t", "t", "t", "t", "t", "t", "t", "t", "t", "t", "t", "t", "t", "t", "t", "t", "t", "t", "t", "t", "t", "t", "t", "t", "t", "t"]}