{"initial_reset_timestamp": 1606511046.9348915, "timestamps": [1606511047.2131455, 1606511047.582159, 1606511047.8344843, 1606511047.933221, 1606511048.1267023, 1606511053.4215384, 1606511053.6339703, 1606511054.1376233, 1606511054.4438035, 1606511055.313477, 1606511057.9155166, 1606511058.366311, 1606511058.842038, 1606511059.8293967, 1606511059.9740102, 1606511060.5045915, 1606511061.732307, 1606511061.8589678, 1606511062.301783, 1606511063.0328274, 1606511063.547451, 1606511067.1777396, 1606511067.3163793, 1606511067.6803951, 1606511069.235236, 1606511069.666085, 1606511069.8775182, 1606511070.7013137, 1606511070.8100233, 1606511070.9875484, 1606511071.8931255, 1606511072.1025655, 1606511072.6132, 1606511072.7069492, 1606511073.3392572, 1606511073.8808084, 1606511074.0643182, 1606511075.1184983, 1606511086.8790374, 1606511087.2171333, 1606511087.6958537, 1606511088.0568874, 1606511089.21479, 1606511095.7154005, 1606511096.0335503, 1606511098.8988843, 1606511116.1364396, 1606511116.6936607, 1606511119.645087, 1606511120.9934804, 1606511123.9788108, 1606511126.7994447, 1606511129.2432745, 1606511135.1190276, 1606511143.0989816, 1606511144.3746543, 1606511147.9706042, 1606511155.6986887, 1606511156.4038029, 1606511161.0208366, 1606511162.1408408, 1606511163.2049937, 1606511164.5962715, 1606511171.890759, 1606511172.6083379, 1606511173.8153565, 1606511175.7751675, 1606511177.35094, 1606511179.348784, 1606511181.2047076, 1606511190.4947155, 1606511206.5010211, 1606511207.6431074, 1606511213.3138757, 1606511216.515527, 1606511218.166766, 1606511219.1286986, 1606511220.2873814, 1606511222.5904741, 1606511226.168704, 1606511227.2248788, 1606511229.0966043, 1606511229.7104793, 1606511231.0699282, 1606511231.7969913, 1606511236.4650629, 1606511239.1694548, 1606511250.1925669, 1606511254.8083289, 1606511258.720992, 1606511269.7790658, 1606511270.9473248, 1606511278.1446173, 1606511282.6594222, 1606511288.5176933, 1606511289.5654018, 1606511290.755805, 1606511296.0314636, 1606511299.4877894, 1606511300.9837599, 1606511302.0873158], "episode_lengths": [48, 109, 85, 31, 52, 1188, 72, 175, 93, 301, 792, 149, 149, 340, 48, 184, 386, 38, 150, 246, 133, 1222, 46, 124, 536, 149, 58, 283, 35, 60, 231, 60, 172, 30, 204, 185, 61, 356, 1814, 20, 18, 20, 65, 385, 21, 156, 813, 28, 152, 76, 152, 145, 110, 275, 452, 65, 182, 378, 42, 261, 47, 45, 70, 395, 33, 52, 93, 83, 114, 105, 470, 757, 44, 293, 145, 69, 44, 50, 104, 163, 35, 76, 27, 58, 31, 219, 125, 517, 222, 187, 507, 51, 384, 188, 269, 52, 54, 246, 167, 75, 52], "episode_rewards": [10.0, 20.0, 10.0, 10.0, 0.0, 90.0, 20.0, 50.0, 10.0, 100.0, 95.0, 15.0, 30.0, 110.0, 0.0, 65.0, 100.0, 0.0, 30.0, 45.0, 60.0, 120.0, 0.0, 20.0, 80.0, 60.0, 10.0, 40.0, 10.0, 20.0, 30.0, 10.0, 20.0, 10.0, 50.0, 30.0, 10.0, 50.0, 280.0, 15.0, 15.0, 15.0, 30.0, 70.0, 40.0, 30.0, 60.0, 10.0, 0.0, 10.0, 20.0, 30.0, 40.0, 50.0, 70.0, 10.0, 45.0, 40.0, 0.0, 60.0, 20.0, 10.0, 0.0, 40.0, 10.0, 10.0, 20.0, 50.0, 30.0, 30.0, 50.0, 80.0, 30.0, 50.0, 40.0, 0.0, 10.0, 0.0, 20.0, 40.0, 0.0, 0.0, 0.0, 10.0, 10.0, 30.0, 40.0, 50.0, 20.0, 40.0, 60.0, 10.0, 80.0, 30.0, 50.0, 20.0, 0.0, 80.0, 20.0, 20.0, 10.0], "episode_types": ["t", "t", "t", "t", "t", "t", "t", "t", "t", "t", "t", "t", "t", "t", "t", "t", "t", "t", "t", "t", "t", "t", "t", "t", "t", "t", "t", "t", "t", "t", "t", "t", "t", "t", "t", "t", "t", "t", "t", "t", "t", "t", "t", "t", "t", "t", "t", "t", "t", "t", "t", "t", "t", "t", "t", "t", "t", "t", "t", "t", "t", "t", "t", "t", "t", "t", "t", "t", "t", "t", "t", "t", "t", "t", "t", "t", "t", "t", "t", "t", "t", "t", "t", "t", "t", "t", "t", "t", "t", "t", "t", "t", "t", "t", "t", "t", "t", "t", "t", "t", "t", "t"]}