{"initial_reset_timestamp": 1605447127.723759, "timestamps": [1605447132.3414118, 1605447135.4151926, 1605447138.2007751, 1605447140.7249944, 1605447143.982284, 1605447146.7499151, 1605447149.3130617, 1605447152.2162664, 1605447154.6617308, 1605447157.1470866, 1605447159.8219323, 1605447164.220171, 1605447173.4435682, 1605447186.1356301, 1605447196.0211954, 1605447207.6261637, 1605447219.846487, 1605447231.357706, 1605447245.5986261, 1605447255.8791351, 1605447266.1427217, 1605447276.7154508, 1605447287.2562637, 1605447299.701984, 1605447311.5014322, 1605447323.9013355, 1605447335.5990567, 1605447350.2987492, 1605447363.2620902, 1605447375.8005626, 1605447391.9933991, 1605447406.4386554, 1605447422.6601021, 1605447439.1693368, 1605447451.6821754, 1605447468.1765563, 1605447483.865117, 1605447501.8176959, 1605447520.1099608, 1605447536.812762, 1605447552.956918, 1605447567.6981575, 1605447582.2392826, 1605447603.4006467, 1605447623.3089519, 1605447646.3155055, 1605447664.698349, 1605447687.597122, 1605447708.4754236, 1605447726.0885453, 1605447755.3289022, 1605447779.1205351, 1605447802.929889, 1605447826.238485, 1605447846.9880004, 1605447866.5078044, 1605447885.3589048, 1605447911.1888351, 1605447940.2571058, 1605447968.7977884, 1605447993.9167168, 1605448016.0939522, 1605448044.3432157, 1605448074.8850536, 1605448110.4609683, 1605448135.115089, 1605448166.5204275, 1605448203.821061, 1605448241.218155, 1605448283.7829323, 1605448321.9682684, 1605448364.1663349, 1605448396.3444145, 1605448441.2519183, 1605448486.1136656, 1605448530.2383301, 1605448568.1935227, 1605448605.1571639, 1605448658.5093188, 1605448702.9447484, 1605448765.7575896, 1605448818.7379758, 1605448891.874559, 1605448945.358943, 1605448996.923452, 1605449046.2811964, 1605449109.0902474, 1605449175.7745605, 1605449223.918041, 1605449287.1665025, 1605449345.7880123, 1605449397.68444, 1605449460.2416139, 1605449518.7460628, 1605449568.7025046, 1605449631.0775242, 1605449684.3371751, 1605449724.892805, 1605449781.6241322, 1605449820.4389608, 1605449868.3052323, 1605449915.7388654, 1605449963.4228451, 1605450009.336404, 1605450056.4743497, 1605450104.638495, 1605450153.4641247, 1605450190.9421523, 1605450245.318767, 1605450296.6261144, 1605450349.9183035, 1605450401.7728214, 1605450445.0081098, 1605450491.9678965, 1605450536.0208251, 1605450577.799827, 1605450619.6459212, 1605450674.0187106, 1605450709.5432003, 1605450748.5179086, 1605450802.3403575, 1605450859.9909916, 1605450905.7569325, 1605450958.0785682, 1605451006.9806151, 1605451057.117423, 1605451100.7349336, 1605451142.656855, 1605451175.3097749, 1605451214.541992, 1605451273.7317815, 1605451320.2539003, 1605451357.9778543, 1605451402.2413356, 1605451431.6321409, 1605451470.3818514, 1605451525.0492404, 1605451579.0195186, 1605451630.6489365, 1605451678.4729784, 1605451721.0732775, 1605451762.3490958, 1605451794.5062218, 1605451828.859511, 1605451871.0307732, 1605451908.2101133, 1605451949.1947968, 1605451979.7571476, 1605452021.2683113, 1605452058.1555176, 1605452103.814959, 1605452136.7367523, 1605452183.6594658, 1605452228.5905287, 1605452272.8767433, 1605452302.7450671, 1605452342.897867, 1605452384.740029, 1605452420.760951, 1605452456.10736, 1605452498.6588352, 1605452530.3254266, 1605452561.5940382, 1605452601.3881252, 1605452640.7135534, 1605452683.3869104, 1605452715.4595034, 1605452753.9466004, 1605452794.1153426, 1605452824.3679545, 1605452855.2573564, 1605452884.2151427, 1605452926.4522, 1605452959.6853619, 1605452999.8609364, 1605453035.4209828, 1605453065.0926409, 1605453104.9012635, 1605453132.0132594, 1605453159.275867, 1605453191.0873096, 1605453232.3339195, 1605453265.0888424, 1605453297.242892, 1605453329.868652, 1605453358.9389172, 1605453395.4562697, 1605453432.8403082, 1605453462.0038025, 1605453493.6591556, 1605453530.2143452, 1605453567.9556372, 1605453597.6309428, 1605453633.9579287, 1605453665.6322525, 1605453702.2997127, 1605453731.4966395, 1605453762.848805, 1605453791.113733, 1605453825.1650827, 1605453860.4319599, 1605453889.792319, 1605453919.3739994, 1605453947.1272683, 1605453980.8949735, 1605454010.181147, 1605454037.6442187, 1605454069.4721105, 1605454101.9922483, 1605454130.4337056, 1605454160.5067987, 1605454192.6416006, 1605454226.0009978, 1605454262.3530111, 1605454289.3837895, 1605454317.8377032, 1605454352.4449956, 1605454381.1781633, 1605454410.9286726, 1605454446.825687, 1605454482.2465966, 1605454516.4092455, 1605454545.4685454, 1605454578.9819484, 1605454608.2032452, 1605454637.6594832, 1605454671.1643982, 1605454699.808817, 1605454727.4748383, 1605454757.5725281, 1605454788.1258943, 1605454816.6192105, 1605454857.8828716, 1605454886.4567347, 1605454917.7849624, 1605454946.2560868, 1605454981.4514816, 1605455019.89918, 1605455050.421169, 1605455087.2163124, 1605455122.821861, 1605455149.1594343, 1605455180.2493002, 1605455212.9227257, 1605455239.6941397, 1605455268.7774007, 1605455297.4676828, 1605455331.758497, 1605455368.25992, 1605455394.340182], "episode_lengths": [865, 1003, 901, 783, 1008, 845, 838, 893, 761, 757, 755, 813, 802, 1031, 783, 959, 908, 880, 1188, 880, 781, 898, 880, 1053, 1012, 1029, 879, 1040, 1013, 943, 970, 951, 1046, 1093, 882, 1176, 1066, 1253, 1394, 1259, 1122, 1100, 1094, 1465, 1351, 1558, 1224, 1581, 1461, 1278, 1771, 1537, 1550, 1536, 1388, 1427, 1378, 1897, 2133, 2076, 1681, 1518, 1717, 1872, 2106, 1533, 1838, 2276, 2270, 2372, 2174, 2725, 1942, 2775, 2784, 2752, 2365, 2159, 3134, 2736, 3652, 2854, 3681, 2959, 2800, 2653, 3155, 3733, 2590, 3490, 3022, 3049, 3638, 3472, 2925, 3517, 3042, 2404, 3613, 2486, 2620, 2861, 3005, 2970, 2831, 2815, 2776, 2362, 3221, 2983, 2970, 2969, 2550, 2766, 2650, 2501, 2275, 3073, 2141, 2290, 3096, 3385, 2733, 3032, 2849, 2952, 2585, 2433, 2017, 2300, 3011, 2552, 2201, 2383, 1717, 2191, 2979, 2872, 2917, 2696, 2233, 2300, 1801, 1929, 2245, 2077, 2309, 1698, 2174, 1928, 2424, 1870, 2668, 2522, 2523, 1696, 2283, 2254, 1899, 1904, 2315, 1794, 1779, 2240, 1932, 2312, 1880, 2276, 2317, 1719, 1706, 1667, 2457, 1884, 2270, 2089, 1685, 2396, 1637, 1630, 1810, 2481, 1985, 1943, 1964, 1729, 2193, 2259, 1693, 1635, 1859, 2275, 1750, 2152, 1774, 2207, 1759, 1885, 1704, 2053, 1974, 1763, 1768, 1668, 2029, 1752, 1663, 1918, 1958, 1708, 1704, 1906, 2001, 2080, 1628, 1704, 2082, 1723, 1793, 2054, 2010, 2065, 1743, 2026, 1748, 1761, 2004, 1717, 1629, 1794, 1726, 1706, 2390, 1728, 1854, 1634, 1969, 2155, 1753, 2289, 2116, 1707, 1987, 2010, 1747, 1848, 1743, 2151, 2275, 1702],