{"initial_reset_timestamp": 1606510489.3964338, "timestamps": [1606510489.6527486, 1606510491.7421598, 1606510491.9725432, 1606510492.0752685, 1606510492.2478065, 1606510492.644745, 1606510492.7265258, 1606510494.468865, 1606510494.9027045, 1606510495.1530359, 1606510495.3505068, 1606510496.5901911, 1606510496.860468, 1606510497.7530804, 1606510498.072226, 1606510498.163981, 1606510498.5848546, 1606510498.8381772, 1606510500.0368562, 1606510500.5475008, 1606510501.2984936, 1606510502.038084, 1606510502.143382, 1606510502.5099437, 1606510503.1104023, 1606510503.6057155, 1606510504.1198776, 1606510504.2236, 1606510504.3163502, 1606510504.887875, 1606510506.011763, 1606510506.3668814, 1606510506.7131271, 1606510507.114109, 1606510507.2088594, 1606510507.384896, 1606510507.5125575, 1606510509.2589836, 1606510510.2347233, 1606510510.3247838, 1606510511.5480428, 1606510511.775432, 1606510512.7508218, 1606510512.9513235, 1606510513.7312713, 1606510514.4680915, 1606510515.6430473, 1606510516.7551112, 1606510516.8498578, 1606510517.2588313, 1606510517.4609668, 1606510518.871725, 1606510518.955501, 1606510519.3105521, 1606510521.1566656, 1606510524.6765945, 1606510526.9577432, 1606510530.4083617, 1606510530.8745255, 1606510535.8994966, 1606510536.5066154, 1606510540.020511, 1606510541.0429673, 1606510542.10685, 1606510543.1627874, 1606510544.1978612, 1606510548.7594059, 1606510551.3539732, 1606510552.098994, 1606510553.318314, 1606510556.0903492, 1606510556.6623063, 1606510557.2317827, 1606510559.168015, 1606510563.7749028, 1606510565.145747, 1606510571.0029266, 1606510575.2388484, 1606510578.4840436, 1606510579.0200288, 1606510587.00658, 1606510591.0181713, 1606510592.3103156, 1606510593.3525267, 1606510630.2857764, 1606510631.5748363, 1606510632.94517, 1606510645.0761745, 1606510651.5120554, 1606510653.390923, 1606510654.9014063, 1606510656.6728349, 1606510657.268249, 1606510659.2656925, 1606510661.4154973, 1606510662.0228722, 1606510670.784049, 1606510673.1968927, 1606510675.7215462, 1606510676.2732797, 1606510679.4831643, 1606510681.1839252, 1606510684.2207077, 1606510704.1456616, 1606510704.7560284, 1606510712.7138135, 1606510717.4366753, 1606510725.1672535], "episode_lengths": [48, 109, 86, 37, 50, 151, 29, 674, 164, 80, 42, 460, 98, 313, 93, 31, 153, 74, 425, 160, 183, 233, 34, 135, 218, 169, 189, 31, 29, 187, 283, 112, 118, 123, 31, 59, 43, 581, 340, 29, 325, 49, 357, 71, 289, 249, 419, 410, 32, 117, 33, 467, 26, 107, 602, 206, 134, 200, 28, 290, 27, 197, 60, 62, 61, 57, 253, 125, 33, 52, 145, 31, 34, 111, 245, 65, 306, 212, 159, 29, 403, 188, 59, 50, 1861, 64, 77, 604, 282, 82, 54, 68, 30, 107, 106, 32, 431, 130, 140, 30, 166, 93, 164, 1003, 31, 372, 235, 417], "episode_rewards": [10.0, 20.0, 10.0, 10.0, 0.0, 30.0, 10.0, 150.0, 45.0, 0.0, 0.0, 70.0, 20.0, 60.0, 10.0, 0.0, 30.0, 20.0, 50.0, 0.0, 40.0, 50.0, 0.0, 20.0, 10.0, 30.0, 30.0, 0.0, 10.0, 40.0, 40.0, 20.0, 30.0, 30.0, 0.0, 10.0, 10.0, 70.0, 50.0, 10.0, 105.0, 0.0, 80.0, 30.0, 80.0, 50.0, 60.0, 80.0, 0.0, 20.0, 10.0, 100.0, 0.0, 10.0, 100.0, 20.0, 10.0, 40.0, 10.0, 70.0, 10.0, 40.0, 10.0, 10.0, 10.0, 0.0, 30.0, 10.0, 0.0, 0.0, 40.0, 10.0, 0.0, 0.0, 50.0, 10.0, 30.0, 30.0, 30.0, 0.0, 50.0, 50.0, 0.0, 20.0, 120.0, 30.0, 10.0, 110.0, 40.0, 30.0, 10.0, 20.0, 10.0, 20.0, 40.0, 10.0, 90.0, 20.0, 10.0, 10.0, 20.0, 10.0, 50.0, 70.0, 0.0, 130.0, 60.0, 50.0], "episode_types": ["t", "t", "t", "t", "t", "t", "t", "t", "t", "t", "t", "t", "t", "t", "t", "t", "t", "t", "t", "t", "t", "t", "t", "t", "t", "t", "t", "t", "t", "t", "t", "t", "t", "t", "t", "t", "t", "t", "t", "t", "t", "t", "t", "t", "t", "t", "t", "t", "t", "t", "t", "t", "t", "t", "t", "t", "t", "t", "t", "t", "t", "t", "t", "t", "t", "t", "t", "t", "t", "t", "t", "t", "t", "t", "t", "t", "t", "t", "t", "t", "t", "t", "t", "t", "t", "t", "t", "t", "t", "t", "t", "t", "t", "t", "t", "t", "t", "t", "t", "t", "t", "t", "t", "t", "t", "t", "t", "t", "t"]}