{"initial_reset_timestamp": 1605734273.2409139, "timestamps": [1605734279.7955573, 1605734282.696782, 1605734285.9602082, 1605734289.4903018, 1605734292.1729803, 1605734295.7163622, 1605734298.3674934, 1605734301.3747714, 1605734304.8586242, 1605734308.107922, 1605734311.6179373, 1605734324.562796, 1605734340.111879, 1605734351.2434638, 1605734361.540778, 1605734371.0950508, 1605734381.2886717, 1605734395.1652572, 1605734405.6880488, 1605734417.0793006, 1605734429.6923678, 1605734443.9463887, 1605734455.3130379, 1605734467.477071, 1605734483.909389, 1605734497.5800056, 1605734508.882065, 1605734522.2555547, 1605734533.9423783, 1605734545.694539, 1605734557.9772933, 1605734570.5351348, 1605734587.0221903, 1605734599.9802074, 1605734612.3844185, 1605734629.3339043, 1605734642.0210276, 1605734654.4789991, 1605734670.2017355, 1605734684.8738964, 1605734699.788909, 1605734716.465568, 1605734730.5631483, 1605734743.365646, 1605734757.9748654, 1605734772.4698918, 1605734790.2073145, 1605734807.1852973, 1605734826.8361943, 1605734840.2017052, 1605734858.99091, 1605734873.2758157, 1605734889.8623285, 1605734909.5711977, 1605734925.465144, 1605734943.0370402, 1605734962.9450097, 1605734979.5118768, 1605735004.1058064, 1605735018.0541978, 1605735031.3912861, 1605735052.592812, 1605735069.7246232, 1605735086.876714, 1605735108.6872354, 1605735126.7855833, 1605735137.7658718, 1605735152.837089, 1605735168.1962528, 1605735184.749647, 1605735203.4838498, 1605735218.4683588, 1605735235.5528831, 1605735249.46308, 1605735264.9231691, 1605735281.1410828, 1605735298.4458752, 1605735320.1038578, 1605735337.105242, 1605735351.0187476, 1605735370.390716, 1605735386.4187336, 1605735401.5291388, 1605735419.000574, 1605735439.3898957, 1605735459.7827823, 1605735494.3879843, 1605735515.0867338, 1605735534.2931075, 1605735560.7453783, 1605735579.2441854, 1605735597.6446838, 1605735615.2204208, 1605735632.823864, 1605735657.040903, 1605735676.1167738, 1605735694.5608776, 1605735716.1263943, 1605735740.674809, 1605735761.7855656, 1605735781.4738314, 1605735813.2729988, 1605735838.495111, 1605735856.6562316, 1605735873.6158757, 1605735898.730692, 1605735921.4718645, 1605735944.7118924, 1605735969.5338345, 1605735995.0242386, 1605736019.848185, 1605736038.1803918, 1605736057.758808, 1605736081.2681818, 1605736100.0442927, 1605736131.307873, 1605736155.9087708, 1605736171.8897471, 1605736194.5306098, 1605736224.1074047, 1605736257.8738523, 1605736281.7098994, 1605736306.4519467, 1605736341.2265737, 1605736370.965663, 1605736400.180533, 1605736426.4838145, 1605736453.329539, 1605736484.0881019, 1605736515.6941578, 1605736553.2436585, 1605736577.349504, 1605736608.1519709, 1605736636.3510141, 1605736667.5057344, 1605736693.0492835, 1605736730.6059265, 1605736764.9716327, 1605736791.6163232, 1605736822.4514468, 1605736859.3251448, 1605736902.2187002, 1605736929.7596087, 1605736979.1499245, 1605737005.046511, 1605737039.8420227, 1605737075.7727656, 1605737105.729641, 1605737129.889278, 1605737174.1022942], "episode_lengths": [820, 837, 957, 1028, 815, 1081, 806, 910, 1059, 968, 783, 1079, 1293, 913, 848, 784, 838, 1096, 861, 932, 961, 1059, 758, 824, 1127, 1089, 891, 1032, 912, 911, 898, 966, 1260, 982, 929, 1281, 948, 953, 1122, 1074, 987, 1245, 1036, 942, 1019, 1043, 1280, 1197, 1269, 832, 1193, 1039, 1222, 1267, 1148, 1197, 1372, 1197, 1701, 989, 831, 1325, 1088, 1180, 1484, 1242, 762, 1042, 1035, 1068, 1193, 1053, 1169, 957, 938, 952, 1155, 1365, 1104, 933, 1209, 1068, 1048, 1215, 1276, 1315, 1922, 1141, 1190, 1638, 1111, 1055, 1086, 1147, 1415, 1266, 1277, 1532, 1781, 1509, 1257, 2054, 1674, 1225, 1154, 1617, 1481, 1526, 1630, 1724, 1559, 1255, 1314, 1519, 1201, 1957, 1612, 1046, 1504, 1898, 1642, 1459, 1559, 2216, 1954, 1918, 1716, 1764, 1936, 2038, 2332, 1552, 2046, 1865, 2033, 1611, 2185, 2170, 1659, 1807, 2083, 2644, 1610, 2892, 1591, 2063, 2179, 1804, 1578, 2748], "episode_rewards": [-21.0, -20.0, -19.0, -20.0, -21.0, -19.0, -21.0, -20.0, -18.0, -20.0, -21.0, -19.0, -17.0, -21.0, -20.0, -21.0, -20.0, -19.0, -20.0, -19.0, -20.0, -20.0, -21.0, -21.0, -19.0, -20.0, -20.0, -20.0, -19.0, -19.0, -20.0, -21.0, -16.0, -20.0, -21.0, -17.0, -19.0, -20.0, -20.0, -18.0, -20.0, -19.0, -18.0, -20.0, -19.0, -20.0, -17.0, -19.0, -20.0, -21.0, -19.0, -19.0, -18.0, -16.0, -18.0, -18.0, -15.0, -18.0, -13.0, -21.0, -21.0, -16.0, -20.0, -19.0, -15.0, -18.0, -21.0, -19.0, -20.0, -18.0, -18.0, -19.0, -18.0, -21.0, -20.0, -20.0, -19.0, -18.0, -19.0, -19.0, -17.0, -20.0, -18.0, -19.0, -16.0, -17.0, -14.0, -19.0, -17.0, -15.0, -19.0, -19.0, -19.0, -18.0, -18.0, -17.0, -19.0, -15.0, -12.0, -17.0, -17.0, -9.0, -15.0, -20.0, -20.0, -15.0, -17.0, -14.0, -15.0, -14.0, -15.0, -16.0, -16.0, -14.0, -21.0, -13.0, -16.0, -19.0, -18.0, -14.0, -14.0, -15.0, -15.0, -9.0, -13.0, -14.0, -14.0, -13.0, -14.0, -13.0, -9.0, -15.0, -10.0, -15.0, -12.0, -16.0, -12.0, -9.0, -15.0, -13.0, -13.0, -8.0, -15.0, -5.0, -16.0, -12.0, -11.0, -13.0, -15.0, -6.0], "episode_types": ["t", "t", "t", "t", "t", "t", "t", "t", "t", "t", "t", "t", "t", "t", "t", "t", "t", "t", "t", "t", "t", "t", "t", "t", "t", "t", "t", "t", "t", "t", "t", "t", "t", "t", "t", "t", "t", "t", "t", "t", "t", "t", "t", "t", "t", "t", "t", "t", "t", "t", "t", "t", "t", "t", "t", "t", "t", "t", "t", "t", "t", "t", "t", "t", "t", "t", "t", "t", "t", "t", "t", "t", "t", "t", "t", "t", "t", "t", "t", "t", "t", "t", "t", "t", "t", "t", "t", "t", "t", "t", "t", "t", "t", "t", "t", "t", "t", "t", "t", "t", "t", "t", "t", "t", "t", "t", "t", "t", "t", "t", "t", "t", "t", "t", "t", "t", "t", "t", "t", "t", "t", "t", "t", "t", "t", "t", "t", "t", "t", "t", "t", "t", "t", "t", "t", "t", "t", "t", "t", "t", "t", "t", "t", "t", "t", "t", "t", "t", "t", "t", "t"]}