{"initial_reset_timestamp": 1605782970.7953377, "timestamps": [1605783015.0908918, 1605783062.228559, 1605783109.828278, 1605783142.1639836, 1605783184.198584, 1605783233.7490861, 1605783275.7477858, 1605783312.057692, 1605783354.2972348, 1605783393.1059425, 1605783440.5411012, 1605783482.8360696, 1605783541.7415843, 1605783585.8894618, 1605783631.264844, 1605783674.9082441, 1605783724.310132, 1605783766.2619748, 1605783809.8843982, 1605783849.8943772, 1605783896.8349109, 1605783949.7693634, 1605783999.0077004, 1605784051.032785, 1605784105.8681555, 1605784161.7901058, 1605784210.370463, 1605784257.1922617, 1605784314.6271908, 1605784360.6341672, 1605784414.0404875, 1605784456.1379783, 1605784500.475461, 1605784546.4255786], "episode_lengths": [2676, 2769, 2832, 1927, 2540, 2982, 2614, 2373, 2761, 2513, 2896, 2593, 3334, 2816, 3043, 2569, 3112, 2818, 2911, 2690, 2929, 3234, 3071, 3371, 3277, 3102, 3063, 2893, 3441, 3113, 3477, 2923, 3049, 3187], "episode_rewards": [-1.0, -3.0, 1.0, -10.0, -6.0, -1.0, -2.0, -5.0, 1.0, -6.0, 3.0, -4.0, 1.0, -3.0, 8.0, -3.0, 1.0, 6.0, -2.0, 8.0, 1.0, 6.0, 10.0, 10.0, 5.0, 1.0, 7.0, 8.0, 1.0, 9.0, -2.0, 9.0, 7.0, 5.0], "episode_types": ["t", "t", "t", "t", "t", "t", "t", "t", "t", "t", "t", "t", "t", "t", "t", "t", "t", "t", "t", "t", "t", "t", "t", "t", "t", "t", "t", "t", "t", "t", "t", "t", "t", "t", "t"]}