{"initial_reset_timestamp": 1605737194.7582834, "timestamps": [1605737228.7813714, 1605737257.7358031, 1605737294.5280519, 1605737321.0222266, 1605737347.250486, 1605737371.3525584, 1605737399.1524289, 1605737422.242261, 1605737445.9284341, 1605737475.7211344, 1605737503.72562, 1605737528.2706025, 1605737551.1535122, 1605737574.847851, 1605737601.5630918, 1605737626.7549717, 1605737655.178164, 1605737687.2236445, 1605737779.059534, 1605780135.7273269, 1605780184.5827672, 1605780214.0997248, 1605780249.868163, 1605780284.907493, 1605780317.0481288, 1605780362.9818282, 1605780410.1043117, 1605780446.3544347, 1605780487.0916233, 1605780533.8948398, 1605780576.3969142, 1605780615.8839455, 1605780669.603224, 1605780715.8979607, 1605780764.0672967, 1605780808.2541592, 1605780854.729172, 1605780896.2106235, 1605780936.0234303, 1605780986.7540176, 1605781029.4585812, 1605781073.7956536, 1605781113.1028273, 1605781164.5367644, 1605781211.596003, 1605781264.9283185, 1605781299.6305249, 1605781333.8215015, 1605781387.056254, 1605781440.4640787, 1605781490.6568673, 1605781538.1488729, 1605781586.319065, 1605781631.7595832, 1605781672.1132898, 1605781719.9415376, 1605781766.4382052, 1605781806.1450286, 1605781833.317615, 1605781881.6513739, 1605781928.080222, 1605781965.8502252, 1605782012.538288, 1605782058.7486007, 1605782110.859673, 1605782165.1160717, 1605782217.8324535, 1605782256.063863, 1605782302.149656, 1605782341.9602025, 1605782403.467354, 1605782458.3461163, 1605782504.7469096, 1605782550.555379, 1605782601.6526434, 1605782639.9815242, 1605782681.2287352, 1605782733.0731044, 1605782775.806834, 1605782812.8368158, 1605782860.3637292, 1605782902.2397535, 1605782940.975077], "episode_lengths": [1919, 1701, 1884, 1653, 1575, 1476, 1690, 1548, 1525, 1907, 1784, 1639, 1538, 1583, 1783, 1642, 1833, 2101, 1676, 2008, 2049, 1739, 1984, 1974, 1791, 2436, 2380, 2136, 2227, 2561, 2283, 2202, 2800, 2618, 2794, 2667, 2681, 2308, 2230, 2986, 2470, 2376, 2188, 2900, 2749, 3053, 2158, 1987, 2876, 3069, 2946, 2792, 3057, 2962, 2608, 3059, 3043, 2603, 1778, 3069, 2750, 2291, 2786, 2802, 3161, 3247, 3206, 2482, 2776, 2528, 3197, 2783, 2682, 2736, 2940, 2336, 2614, 3309, 2637, 2239, 2786, 2612, 2249], "episode_rewards": [-11.0, -15.0, -15.0, -18.0, -16.0, -19.0, -18.0, -19.0, -18.0, -14.0, -13.0, -17.0, -16.0, -14.0, -15.0, -15.0, -16.0, -9.0, -15.0, -12.0, -10.0, -14.0, -12.0, -12.0, -17.0, -8.0, -8.0, -12.0, -11.0, -7.0, -8.0, -14.0, -4.0, -7.0, -3.0, -7.0, -6.0, -8.0, -8.0, -2.0, -7.0, -10.0, -9.0, -4.0, -7.0, -4.0, -9.0, -13.0, -7.0, -5.0, -3.0, -4.0, -2.0, -3.0, -5.0, -2.0, -2.0, -7.0, -15.0, -7.0, 5.0, -12.0, -6.0, -5.0, 1.0, 4.0, 1.0, -8.0, 4.0, 8.0, 4.0, 9.0, -5.0, 8.0, -3.0, 16.0, 9.0, -1.0, 8.0, 12.0, 6.0, 8.0, 12.0], "episode_types": ["t", "t", "t", "t", "t", "t", "t", "t", "t", "t", "t", "t", "t", "t", "t", "t", "t", "t", "t", "t", "t", "t", "t", "t", "t", "t", "t", "t", "t", "t", "t", "t", "t", "t", "t", "t", "t", "t", "t", "t", "t", "t", "t", "t", "t", "t", "t", "t", "t", "t", "t", "t", "t", "t", "t", "t", "t", "t", "t", "t", "t", "t", "t", "t", "t", "t", "t", "t", "t", "t", "t", "t", "t", "t", "t", "t", "t", "t", "t", "t", "t", "t", "t", "t"]}