{"initial_reset_timestamp": 1605557643.0137594, "timestamps": [1605557646.2620728, 1605557648.9957628, 1605557651.6536562, 1605557654.3125458, 1605557656.5665188, 1605557658.9720862, 1605557662.0378902, 1605557664.8553548, 1605557667.2778778, 1605557669.8240685, 1605557672.7342868, 1605557675.8398035, 1605557679.67056, 1605557682.9118924, 1605557685.3812895, 1605557687.613321, 1605557690.224342, 1605557693.8998666, 1605557696.9267726, 1605557699.8908465, 1605557702.860905, 1605557705.565672, 1605557708.2584715, 1605557710.548349, 1605557713.6291106, 1605557716.204225, 1605557719.295958, 1605557721.6147573, 1605557724.9129384, 1605557727.6994863, 1605557730.8370962, 1605557733.2476506, 1605557735.8078067, 1605557738.5345159, 1605557741.4726605, 1605557744.6001782, 1605557747.5502899, 1605557750.2151637, 1605557752.7713284, 1605557755.4681175, 1605557758.3613808, 1605557760.9145539, 1605557763.388937, 1605557765.8274167, 1605557768.6638348, 1605557771.7776473, 1605557774.668777, 1605557776.9327233, 1605557779.9656153, 1605557782.423042, 1605557785.0081294, 1605557788.0081074, 1605557790.5872107, 1605557794.2364526, 1605557797.463823, 1605557800.8198485, 1605557803.240376, 1605557805.662898, 1605557808.219064, 1605557810.9148552, 1605557813.6924276, 1605557817.0873497, 1605557819.542784, 1605557822.897814, 1605557825.680374, 1605557828.0455472, 1605557831.6938117, 1605557834.9840174, 1605557837.7596061, 1605557840.21818, 1605557842.6028035, 1605557845.5579014, 1605557848.4381998, 1605557851.274616, 1605557853.6083767, 1605557856.2961874, 1605557859.1495597, 1605557861.7147, 1605557864.19806, 1605557866.9745948, 1605557869.7451863, 1605557873.0144463, 1605557875.980515, 1605557878.9076877, 1605557881.717175, 1605557884.4458787, 1605557887.6577835, 1605557890.604903, 1605557893.0034893, 1605557896.067297, 1605557899.1440692, 1605557901.5795574, 1605557903.9562016, 1605557906.504388, 1605557909.5253103, 1605557912.7277467, 1605557915.2968771, 1605557917.8510473, 1605557920.8991592, 1605557924.0507329, 1605557926.313681, 1605557929.1301498, 1605557931.619494, 1605557935.2428045, 1605557938.4133275, 1605557941.0452888, 1605557944.013352, 1605557946.6602743, 1605557949.7252264, 1605557952.9306552, 1605557955.9162652, 1605557959.3014007, 1605557962.4549682, 1605557964.7288876, 1605557967.39077, 1605557970.5952017, 1605557974.154683, 1605557977.111776, 1605557980.379039, 1605557983.4787552, 1605557986.229676, 1605557988.9105, 1605557991.7352638, 1605557994.2617972, 1605557996.7346282, 1605558001.052218, 1605558003.7603338, 1605558006.2686496, 1605558009.4306974, 1605558012.5622017, 1605558015.1520379, 1605558018.0777676, 1605558021.742642, 1605558024.3320365, 1605558027.02897, 1605558030.2449882, 1605558033.020415, 1605558036.9046946, 1605558041.247083, 1605558044.106437, 1605558046.679557, 1605558049.663577, 1605558052.0172834, 1605558054.5026376, 1605558057.0219014, 1605558059.6758044, 1605558062.054445, 1605558064.8509665, 1605558068.007526, 1605558071.0144873, 1605558073.3991103, 1605558076.0240912, 1605558078.247147, 1605558081.0955305, 1605558084.1713052, 1605558087.2022016, 1605558089.7783122, 1605558092.6905255, 1605558096.2131066, 1605558098.9128866, 1605558101.7652593, 1605558104.231665, 1605558106.8646235, 1605558109.5883408, 1605558112.2631881, 1605558114.9948833, 1605558117.5221252, 1605558120.244845, 1605558122.5397084, 1605558125.3432124, 1605558128.3282301, 1605558131.2693653, 1605558133.737765, 1605558136.1074283, 1605558138.6107347, 1605558141.066169, 1605558143.602388, 1605558146.1824899, 1605558148.8285384, 1605558152.1795778, 1605558155.5964406, 1605558158.0987499, 1605558161.6101663, 1605558164.2461185, 1605558166.791312, 1605558169.4412265, 1605558172.536948, 1605558175.0552142, 1605558177.7360458, 1605558180.4899065, 1605558182.8755255, 1605558186.7412345, 1605558189.1629946, 1605558192.2593772, 1605558194.6524868, 1605558197.569933, 1605558200.5140595, 1605558204.1548362, 1605558206.9114647, 1605558210.045085, 1605558212.402783, 1605558215.3798227, 1605558217.992835, 1605558220.6068492, 1605558223.351435, 1605558225.9085975, 1605558228.9654233, 1605558231.3560317, 1605558233.8234327, 1605558236.7147017, 1605558240.0951684, 1605558243.2836418, 1605558245.7380788, 1605558248.6981637, 1605558251.820814, 1605558254.269267, 1605558257.252291, 1605558260.162508, 1605558263.141542, 1605558265.7116694, 1605558268.7931297, 1605558271.2774866, 1605558274.1148996, 1605558276.836622, 1605558279.4606051, 1605558282.4476185, 1605558285.2670786, 1605558288.2969768, 1605558290.8611205, 1605558293.6566448, 1605558296.34745, 1605558299.4561372, 1605558302.3364353, 1605558305.0112824, 1605558307.4397888, 1605558309.9231489, 1605558312.399527, 1605558315.2578838, 1605558317.8898456, 1605558320.4450138, 1605558323.5706546, 1605558326.211593, 1605558328.77036, 1605558331.256712, 1605558333.7191267, 1605558336.2176116, 1605558339.058016, 1605558342.0670946, 1605558345.5338242, 1605558347.8945112, 1605558350.9862437, 1605558353.9203978, 1605558356.7219067, 1605558359.042701, 1605558361.733506, 1605558364.0124123, 1605558366.7660484, 1605558369.558582, 1605558372.329173, 1605558375.2483673, 1605558378.045887, 1605558380.7287126, 1605558383.7845418, 1605558386.5780714, 1605558388.8190787, 1605558391.1727848, 1605558394.8270137, 1605558397.452992, 1605558400.2076259, 1605558402.7119312, 1605558405.2939734, 1605558408.3567836, 1605558411.0057003, 1605558413.5957744, 1605558416.0621789, 1605558418.4517894, 1605558421.2165961, 1605558423.808665, 1605558426.157385, 1605558428.6955996, 1605558431.1420577, 1605558433.7211618, 1605558436.64634, 1605558439.4468505, 1605558442.385992, 1605558445.4886956, 1605558449.3274305, 1605558452.548848, 1605558455.702415, 1605558458.2077155, 1605558461.3792348, 1605558464.093976, 1605558466.6591163, 1605558468.8831716, 1605558471.7345471, 1605558475.0985518, 1605558478.0327063, 1605558480.531026, 1605558483.230806, 1605558486.4142938, 1605558489.2168, 1605558492.5828001, 1605558495.692484, 1605558498.4341524, 1605558501.4670424, 1605558504.0581143, 1605558506.492604, 1605558509.051761, 1605558511.6709569, 1605558514.3617616, 1605558516.9737768, 1605558519.430211, 1605558522.1519327, 1605558525.4002469, 1605558527.996305, 1605558530.2722194, 1605558533.054778, 1605558535.6867402, 1605558538.637849, 1605558540.953683, 1605558543.4829195, 1605558546.0999215, 1605558548.433683, 1605558551.085592, 1605558553.7724078, 1605558556.4946368, 1605558559.4936192, 1605558562.547453, 1605558565.27117, 1605558567.9609776, 1605558570.7594943, 1605558573.335606, 1605558577.131456, 1605558579.5529807, 1605558582.0323517, 1605558584.505737, 1605558588.1390245, 1605558590.6582873, 1605558593.7440372, 1605558596.5684838, 1605558599.035886, 1605558601.5800824, 1605558604.493293, 1605558607.4144814, 1605558610.121244, 1605558613.1830566, 1605558615.882837, 1605558618.7541592, 1605558621.0629857, 1605558623.5533261, 1605558626.2441316, 1605558629.0665836, 1605558631.7065244, 1605558635.5622153, 1605558638.3567421, 1605558640.9398348, 1605558643.345402, 1605558646.1638658, 1605558649.7565985, 1605558652.4284537, 1605558655.106004, 1605558657.73298, 1605558660.5793672, 1605558663.0657501, 1605558666.3768961, 1605558669.1823938, 1605558672.1494606, 1605558674.7774334, 1605558677.911054, 1605558680.8332396, 1605558683.59685, 1605558686.7434356, 1605558688.9714777, 1605558692.169926, 1605558694.5715036, 1605558697.1007404, 1605558699.696799, 1605558702.644915, 1605558705.2519448, 1605558707.966534, 1605558710.6473656, 1605558713.2164955, 1605558715.969135, 1605558718.7337475, 1605558721.2659712, 1605558724.1372933, 1605558726.7802265, 1605558729.3842635, 1605558732.3543212, 1605558735.51487, 1605558738.164784, 1605558740.9004743, 1605558743.8795085, 1605558746.5279343, 1605558749.4162114, 1605558752.2845411, 1605558755.4061942, 1605558757.8606308, 1605558760.4816222, 1605558762.9111257, 1605558765.3196852, 1605558767.867379, 1605558770.228067, 