{"initial_reset_timestamp": 1606500573.2788513, "timestamps": [1606500578.8728878, 1606500581.5447395, 1606500585.673695, 1606500588.1450834, 1606500590.603507, 1606500593.144709, 1606500596.6722727, 1606500599.8597457, 1606500602.76697, 1606500605.2732654, 1606500608.314131, 1606500624.6454437], "episode_lengths": [1074, 805, 1253, 755, 755, 775, 1090, 971, 878, 757, 833, 957], "episode_rewards": [-18.0, -21.0, -17.0, -21.0, -21.0, -21.0, -18.0, -20.0, -21.0, -21.0, -20.0, -21.0], "episode_types": ["t", "t", "t", "t", "t", "t", "t", "t", "t", "t", "t", "t", "t"]}