{"initial_reset_timestamp": 1606503607.5674293, "timestamps": [1606503607.8237438, 1606503609.9642885, 1606503610.2277405, 1606503611.3326983, 1606503611.8737752, 1606503612.9178765, 1606503613.446333, 1606503613.6617565, 1606503613.842274, 1606503614.23622, 1606503614.4825625, 1606503615.0171323, 1606503615.1910558, 1606503615.9988706, 1606503616.1660516, 1606503616.3558774, 1606503617.257898, 1606503617.369892, 1606503617.5639083, 1606503617.7527437, 1606503618.1007504, 1606503618.6133788, 1606503618.9275384, 1606503619.4501407, 1606503619.843766, 1606503619.9298365, 1606503622.7557297, 1606503622.834926, 1606503622.9879174, 1606503624.4849238], "episode_lengths": [48, 109, 98, 422, 188, 391, 177, 81, 54, 136, 54, 183, 46, 306, 60, 57, 323, 40, 71, 71, 76, 180, 117, 197, 134, 30, 1063, 27, 56, 538], "episode_rewards": [10.0, 20.0, 20.0, 80.0, 30.0, 40.0, 40.0, 30.0, 10.0, 40.0, 20.0, 10.0, 0.0, 80.0, 10.0, 20.0, 50.0, 10.0, 10.0, 10.0, 10.0, 30.0, 20.0, 50.0, 20.0, 10.0, 190.0, 0.0, 30.0, 90.0], "episode_types": ["t", "t", "t", "t", "t", "t", "t", "t", "t", "t", "t", "t", "t", "t", "t", "t", "t", "t", "t", "t", "t", "t", "t", "t", "t", "t", "t", "t", "t", "t", "t"]}