{"initial_reset_timestamp": 1606503453.1932855, "timestamps": [1606503453.4495993, 1606503455.7284815, 1606503455.978811, 1606503456.102481, 1606503456.2750185, 1606503456.6729543, 1606503456.755733, 1606503458.620745, 1606503459.1323788, 1606503459.3886907, 1606503459.615084, 1606503460.9382815, 1606503461.2067115, 1606503462.1648233, 1606503462.4675367, 1606503462.5543177, 1606503463.0508626, 1606503463.2976882, 1606503464.429629, 1606503464.858819, 1606503465.5497172, 1606503466.2316751, 1606503466.3285258, 1606503466.6864579, 1606503467.2585487, 1606503467.7477012, 1606503468.2485907, 1606503468.337213, 1606503468.4184926, 1606503468.955507, 1606503469.8481216, 1606503470.1792362, 1606503470.4963875, 1606503470.8683925, 1606503470.9571552, 1606503471.118723, 1606503471.236408, 1606503472.832139, 1606503473.7437012, 1606503473.8275404, 1606503474.8517966, 1606503475.0527005, 1606503476.0343654, 1606503476.2375658, 1606503477.033552, 1606503477.836616, 1606503479.0604763, 1606503480.182758, 1606503480.2755122, 1606503480.6774695, 1606503480.8559878, 1606503482.1507642, 1606503482.228558, 1606503482.5634372, 1606503484.230447, 1606503486.5391023, 1606503488.053411, 1606503489.04145, 1606503492.140754, 1606503492.6324232, 1606503493.928387, 1606503497.0257077, 1606503497.640348, 1606503498.8323479, 1606503499.3994658, 1606503500.3324642, 1606503504.7826498, 1606503508.812872], "episode_lengths": [48, 109, 86, 37, 50, 151, 29, 674, 164, 80, 42, 460, 98, 313, 93, 31, 153, 74, 425, 160, 183, 233, 34, 135, 218, 169, 189, 31, 29, 187, 283, 112, 118, 123, 31, 59, 43, 581, 340, 29, 325, 49, 357, 71, 289, 249, 419, 410, 32, 117, 33, 467, 26, 107, 602, 164, 92, 45, 169, 27, 60, 165, 36, 72, 34, 50, 260, 226], "episode_rewards": [10.0, 20.0, 10.0, 10.0, 0.0, 30.0, 10.0, 150.0, 45.0, 0.0, 0.0, 70.0, 20.0, 60.0, 10.0, 0.0, 30.0, 20.0, 50.0, 0.0, 40.0, 50.0, 0.0, 20.0, 10.0, 30.0, 30.0, 0.0, 10.0, 40.0, 40.0, 20.0, 30.0, 30.0, 0.0, 10.0, 10.0, 70.0, 50.0, 10.0, 105.0, 0.0, 80.0, 30.0, 80.0, 50.0, 60.0, 80.0, 0.0, 20.0, 10.0, 100.0, 0.0, 10.0, 100.0, 10.0, 20.0, 10.0, 30.0, 0.0, 10.0, 30.0, 10.0, 10.0, 10.0, 10.0, 50.0, 20.0], "episode_types": ["t", "t", "t", "t", "t", "t", "t", "t", "t", "t", "t", "t", "t", "t", "t", "t", "t", "t", "t", "t", "t", "t", "t", "t", "t", "t", "t", "t", "t", "t", "t", "t", "t", "t", "t", "t", "t", "t", "t", "t", "t", "t", "t", "t", "t", "t", "t", "t", "t", "t", "t", "t", "t", "t", "t", "t", "t", "t", "t", "t", "t", "t", "t", "t", "t", "t", "t", "t", "t"]}