{"initial_reset_timestamp": 1605466824.36685, "timestamps": [1605466830.233047, 1605466832.6928768, 1605466836.0534844, 1605466838.6968732, 1605466841.8266819, 1605466844.8063612, 1605466847.6997447, 1605466850.4902592, 1605466852.977074, 1605466856.040562, 1605466859.527345, 1605466872.6006026, 1605466883.774764, 1605466895.778925, 1605466906.6476703, 1605466918.3410017, 1605466934.1434822, 1605466943.9328573, 1605466956.5419414, 1605466968.168274, 1605466982.91646, 1605466996.0036328, 1605467007.5025918, 1605467017.3444672, 1605467032.9467773, 1605467046.8554473, 1605467059.2796116, 1605467074.4050102, 1605467094.942242, 1605467111.412571, 1605467128.330503, 1605467153.4232569, 1605467170.9166543, 1605467185.4426193, 1605467202.8825083, 1605467226.7561097, 1605467244.9519224, 1605467265.753006, 1605467280.7022426, 1605467300.4276323, 1605467320.2647188, 1605467345.4125276, 1605467370.6771967, 1605467396.5913925, 1605467424.977461, 1605467458.6818936, 1605467484.1558495, 1605467508.8501108, 1605467534.6495912, 1605467556.6522577, 1605467594.4111872, 1605467625.570152, 1605467661.711103, 1605467691.029264, 1605467719.7018068, 1605467758.0736592, 1605467785.9986844, 1605467824.05357, 1605467872.6491911, 1605467916.7584083, 1605467951.82664, 1605467994.6370425, 1605468030.703626, 1605468090.0604143, 1605468135.6849377, 1605468185.2537994, 1605468234.3744586, 1605468288.3073418, 1605468331.2615097, 1605468386.5386987, 1605468440.3153546, 1605468494.0616884, 1605468558.1092393, 1605468616.4284694, 1605468675.2156138, 1605468720.7394943, 1605468762.042917, 1605468821.3707824, 1605468872.8645315, 1605468914.3979995, 1605468968.4473011, 1605469014.003021, 1605469061.5638418, 1605469111.180571, 1605469153.4846168, 1605469198.8080528, 1605469254.00348, 1605469301.8908253, 1605469357.9369576, 1605469400.497152, 1605469443.2024782, 1605469489.3590639, 1605469535.0419579, 1605469567.0029867, 1605469619.3879404, 1605469671.3171763, 1605469713.5353932, 1605469773.0806406, 1605469819.5005128, 1605469868.2740934, 1605469917.522436, 1605469963.5857723, 1605470002.3859887, 1605470048.5563958, 1605470092.0900242, 1605470134.3208003, 1605470166.8777447, 1605470196.4098449, 1605470247.59498, 1605470291.9265, 1605470332.373271, 1605470367.4902725, 1605470398.3084452, 1605470442.6159694, 1605470477.9305387, 1605470514.3467488, 1605470554.1014469, 1605470589.4018202, 1605470625.3687704, 1605470656.8904812, 1605470692.4154923, 1605470727.3869817, 1605470766.1448536, 1605470805.0097578, 1605470837.7772028, 1605470886.2907696, 1605470921.662169, 1605470951.15733, 1605470980.9226508, 1605471015.7336562, 1605471056.0100975, 1605471087.6816957, 1605471119.3231142, 1605471160.400274, 1605471192.8720262, 1605471220.8881118, 1605471266.4333854, 1605471300.0639997, 1605471335.681795, 1605471369.8075402, 1605471410.0474465, 1605471438.859396, 1605471476.2853239, 1605471507.0178127, 1605471541.41189, 1605471570.7250946, 1605471606.6217422, 1605471643.946941, 1605471678.6082563, 1605471713.3847716, 1605471749.8123832, 1605471781.4129374, 1605471817.7637281, 1605471851.8785055, 1605471889.4939222, 1605471919.9785175, 1605471958.4646406, 1605472000.8323503, 1605472039.972692, 1605472069.2334485, 1605472104.644021, 1605472134.486224, 1605472164.3902595, 1605472193.3508275, 1605472223.818357, 1605472255.5809326, 1605472288.4774697, 1605472318.5237005, 1605472354.0381598, 1605472382.8471503, 1605472424.7511702, 1605472455.8894324, 1605472484.7781847, 1605472520.6198323, 1605472555.0243382, 1605472589.490177, 1605472623.14721, 1605472651.086529, 1605472679.5997202, 1605472713.7404292, 1605472745.427713, 1605472778.2216418, 1605472811.672206, 1605472844.6844368, 1605472880.0888207, 1605472911.737192, 1605472946.6288922, 1605472980.133301, 1605473009.1915488, 1605473038.1251829, 1605473070.019442, 1605473100.6256375, 1605473132.5319674, 1605473168.237491, 1605473200.9859831, 1605473264.5245495, 1605473404.501061, 1605521436.7867239, 1605521484.973972, 1605521529.9687762, 1605521567.5944068, 1605521605.0285926, 1605521635.9409945, 1605521671.902338, 1605521704.8507347, 1605521740.2398424, 1605521781.5634222, 1605521813.3758838, 1605521842.5816648, 1605521874.736261, 1605521907.875255, 1605521939.0499082, 1605521972.3994048, 1605522005.8427444, 1605522037.0599122, 1605522070.7471664, 1605522102.32326, 1605522140.597575, 1605522168.939153, 1605522201.4967096, 1605522238.296815, 1605522264.9209259, 1605522294.790399, 1605522323.4186692, 1605522356.3901975, 1605522384.2994704, 1605522413.3552778, 1605522446.9819102, 1605522477.698336, 1605522509.1490843, 1605522543.250896, 1605522571.8497968, 1605522606.2398946, 1605522639.4521813, 1605522676.623236, 1605522718.3323975, 1605522747.6336162, 1605522780.8679593, 1605522815.0551198], "episode_lengths": [911, 759, 1082, 834, 939, 864, 854, 837, 779, 938, 957, 1146, 910, 946, 861, 834, 1259, 784, 976, 914, 1101, 1036, 881, 758, 1188, 933, 946, 1161, 1433, 1229, 1041, 1687, 1245, 960, 1203, 1730, 1218, 1327, 1038, 1476, 1347, 1710, 1519, 1640, 1823, 2261, 1783, 1722, 1782, 1510, 2223, 1870, 2224, 1910, 1758, 2514, 1714, 2242, 2806, 2553, 2187, 2794, 2381, 3736, 3015, 3245, 2900, 3287, 2617, 3354, 3125, 3228, 3868, 3300, 3468, 2763, 2579, 3486, 3054, 2555, 3214, 2796, 2951, 3056, 2566, 2812, 3319, 2962, 3478, 2622, 2525, 2869, 2839, 2032, 3097, 3065, 2351, 3430, 2935, 2948, 2800, 2898, 2508, 3047, 2795, 2631, 2102, 1890, 3260, 2856, 2472, 2295, 1972, 2805, 2209, 2313, 2431, 2142, 2124, 1970, 2212, 2202, 2257, 2302, 2114, 3022, 2276, 1892, 1917, 2229, 2424, 2059, 2053, 2637, 2102, 1815, 2949, 2168, 2312, 2205, 2481, 1867, 2394, 1969, 2221, 1914, 2318, 2357, 2189, 2252, 2237, 2041, 2350, 2211, 2434, 1981, 2508, 2756, 2522, 1881, 2184, 1938, 1941, 1880, 1968, 1964, 2130, 1942, 2305, 1863, 2467, 1968, 1871, 2328, 2235, 2240, 2181, 1787, 1846, 2203, 1948, 2125, 2174, 2093, 2249, 1909, 2065, 2170, 1914, 1891, 1942, 2010, 2109, 2350, 2161, 2116, 1935, 2263, 1922, 2182, 1930, 1979, 1894, 2332, 1859, 1992, 2359, 1856, 1743, 1825, 1913, 1757, 1971, 2052, 2027, 2017, 1942, 2454, 1790, 1965, 2199, 1723, 1973, 1890, 2127, 1808, 1839, 1971, 1903, 2035, 2055, 1903, 2159, 1914, 2137, 2499, 1820, 2022, 1930], "episode_rewards": [-19.0, -21.0, -20.0, -21.0, -20.0, -21.0, -20.0, -21.0, -21.0, -21.0, -19.0, -18.0, -20.0, -20.0, -20.0, -20.0, -16.0, -21.0, -20.0, -20.0, -19.0, -19.0, -20.0, -21.0, -18.0, -20.0, -20.0, -18.0, -17.0, -19.0, -20.0, -16.0, -19.0, -19.0, -18.0, -14.0, -18.0, -17.0, -20.0, -17.0, -17.0, -15.0, -14.0, -15.0, -13.0, -7.0, -16.0, -15.0, -16.0, -16.0, -10.0, -15.0, -12.0, -13.0, -15.0, -13.0, -15.0, -11.0, -6.0, -13.0, -12.0, -10.0, -11.0, -1.0, -3.0, 3.0, -7.0, 4.0, -9.0, 2.0, -1.0, 5.0, -1.0, -2.0, -3.0, 10.0, 12.0, 4.0, 8.0, 13.0, 4.0, 8.0, 13.0, 6.0, 11.0, 7.0, 8.0, 10.0, 1.0, 11.0, 9.0, -1.0, 9.0, 15.0, 8.0, 11.0, 16.0, 2.0, 17.0, 10.0, 6.0, 10.0, 14.0, 10.0, 12.0, 15.0, 17.0, 16.0, -2.0, 8.0, 12.0, 11.0, 18.0, 4.0, 12.0, 16.0, 15.0, 14.0, 16.0, 18.0, 12.0, 16.0, 16.0, 14.0, 14.0, 8.0, 11.0, 16.0, 19.0, 15.0, 8.0, 17.0, 16.0, 12.0, 17.0, 20.0, 12.0, 14.0, 12.0, 16.0, 14.0, 18.0, 16.0, 18.0, 16.0, 17.0, 11.0, 15.0, 16.0, 15.0, 17.0, 18.0, 15.0, 17.0, 10.0, 15.0, 15.0, 9.0, 9.0, 17.0, 18.0, 19.0, 17.0, 18.0, 19.0, 20.0, 18.0, 20.0, 16.0, 19.0, 7.0, 19.0, 17.0, 14.0, 11.0, 14.0, 14.0, 19.0, 19.0, 19.0, 16.0, 18.0, 19.0, 17.0, 13.0, 18.0, 18.0, 16.0, 17.0, 20.0, 20.0, 19.0, 17.0, 13.0, 15.0, 15.0, 16.0, 11.0, 17.0, 15.0, 17.0, 18.0, 19.0, 12.0, 19.0, 17.0, 6.0, 18.0, 18.0, 18.0, 16.0, 19.0, 16.0, 16.0, 17.0, 17.0, 18.0, 14.0, 19.0, 19.0, 16.0, 18.0, 17.0, 20.0, 16.0, 18.0, 18.0, 18.0, 18.0, 13.0, 16.0, 18.0, 13.0, 18.0, 14.0, 15.0, 19.0, 19.0, 18.0],