{"initial_reset_timestamp": 1605531051.517003, "timestamps": [1605531057.409247, 1605531061.2609472, 1605531064.0484936, 1605531066.661506, 1605531068.9284444, 1605531072.2146583, 1605531074.9313927, 1605531077.2372265, 1605531079.7175941, 1605531083.121492, 1605531090.7321413, 1605531103.9328816, 1605531117.2692206, 1605531130.1208565, 1605531143.31657, 1605531155.9786472, 1605531170.1068683, 1605531182.541572, 1605531197.4138043, 1605531215.6290035, 1605531231.362368, 1605531245.7973804, 1605531259.7313344, 1605531274.2542295, 1605531289.190402, 1605531307.2421901, 1605531321.6624773, 1605531334.3186347, 1605531347.1553097, 1605531363.4195325, 1605531378.7116408, 1605531395.2095757, 1605531411.1270123, 1605531426.0052285, 1605531441.7979636, 1605531456.6572301, 1605531475.4090872, 1605531491.7698448, 1605531517.0670023, 1605531541.3881125, 1605531567.005974, 1605531592.3072102, 1605531622.3023498, 1605531646.6300387, 1605531678.9586396, 1605531699.6274402, 1605531723.1296918, 1605531748.3296392, 1605531785.8130927, 1605531814.8997216, 1605531854.8256738, 1605531893.0729203, 1605531926.2544448, 1605531981.0871778, 1605532014.8146677, 1605532047.6800659, 1605532078.9159606, 1605532120.8125343, 1605532162.3876777, 1605532211.0322206, 1605532241.2195003, 1605532273.5430698, 1605532310.0694716, 1605532357.833125, 1605532403.351451, 1605532453.870751, 1605532515.9866972, 1605532572.62644, 1605532633.491392, 1605532702.640639, 1605532770.1109762, 1605532824.1865761, 1605532881.965821, 1605532935.961765, 1605532984.128891, 1605533043.9083211, 1605533103.4480338, 1605533153.2464228, 1605533220.0816414, 1605533276.2108562, 1605533334.2292306, 1605533376.4668627, 1605533426.0534036, 1605533469.15116, 1605533522.2751067, 1605533568.3698494, 1605533628.6805835, 1605533665.308642, 1605533708.8043365, 1605533743.9623246, 1605533794.1381547, 1605533827.6864462, 1605533879.0616314, 1605533914.0575597, 1605533946.3680732, 1605533990.6346824, 1605534039.635592, 1605534095.9136136, 1605534124.0872774, 1605534174.9093835, 1605534214.606275, 1605534260.0437787, 1605534293.3427374, 1605534334.2559798, 1605534379.292324, 1605534417.6292593, 1605534468.1561506, 1605534514.1700015, 1605534557.0170624, 1605534592.0149868, 1605534639.2763548, 1605534684.309576, 1605534717.0025747, 1605534751.8942769, 1605534795.7455418, 1605534833.0228043, 1605534865.6959715, 1605534894.5433292, 1605534930.5088692, 1605534968.494773, 1605535014.7658706, 1605535059.4612267, 1605535103.3920228, 1605535166.2133877, 1605535211.2164707, 1605535259.0703757, 1605535307.8466756, 1605535351.5004358, 1605535388.5790348, 1605535422.905425, 1605535477.067202, 1605535524.685087, 1605535565.5096898, 1605535602.7395651, 1605535640.365543, 1605535683.7312477, 1605535730.3679342, 1605535765.0319524, 1605535807.023639, 1605535853.3283513, 1605535890.7269962, 1605535921.5859072, 1605535950.3376987, 1605535978.9210966, 1605536007.7815485, 1605536038.556507, 1605536078.4036794, 1605536121.3842869, 1605536167.9408746, 1605536207.1683822, 1605536253.9547534, 1605536294.8279424, 1605536330.648516, 1605536372.3834283, 1605536414.4619946, 1605536449.9277039, 1605536500.2326262, 1605536539.215233, 1605536576.0602596, 1605536603.6366773, 1605536648.2955146, 1605536693.8027759, 1605536733.3128524, 1605536776.0462725, 1605536805.783829, 1605536844.0053835, 1605536883.1786444, 1605536915.5329318, 1605536955.800277, 1605536992.6742687, 1605537028.1794212, 1605537063.377921, 1605537104.5183017, 1605537135.336683, 1605537173.7523577, 1605537207.4953084, 1605537239.5366921, 1605537283.703846, 1605537318.9930594, 1605537360.607785, 1605537401.5039303, 1605537435.347961, 1605537481.475731, 1605537510.6849499, 1605537540.1770878, 1605537571.5152898, 1605537603.370801, 1605537640.02778, 1605537676.8193989, 1605537706.2387316, 1605537733.0759695, 1605537759.036551, 1605537787.6360757, 1605537817.3785448, 1605537850.015274, 1605537891.7596495, 1605537921.8531983, 1605537951.53107, 1605537999.6663353, 1605538049.7492454, 1605538097.7887168, 1605538138.1133769, 1605538174.9274333, 1605538219.313744, 1605538249.0312798, 1605538280.119151, 1605538323.3952608, 1605538354.8704836, 1605538386.9383512, 1605538418.3952363, 1605538453.9930475, 1605538492.7274714, 1605538521.8356369, 1605538560.5774794, 1605538596.8275464, 1605538643.1705463, 1605538686.9141514, 1605538729.1172993, 1605538766.12129, 1605538801.3961806, 1605538839.5770853, 1605538881.6645427, 1605538927.4355602, 1605538965.4399369, 1605539001.5445156, 1605539044.025184, 1605539080.7449958, 1605539123.030639, 1605539157.6161568, 1605539192.281461, 1605539227.680749, 1605539274.7877855, 1605539318.888259, 1605539351.6996653, 1605539389.9322486, 1605539436.913877, 1605539470.1858187, 1605539505.7823508, 1605539545.1307356, 1605539583.2267487, 1605539614.0788205, 1605539645.9728513, 1605539676.850792, 1605539708.5745783, 1605539747.6583517, 1605539778.7452915], "episode_lengths": [896, 1273, 918, 871, 755, 1065, 916, 757, 817, 1122, 971, 880, 850, 868, 897, 862, 972, 830, 995, 1131, 1024, 962, 818, 995, 914, 1159, 972, 858, 844, 1134, 987, 1100, 1074, 995, 1074, 985, 1264, 1098, 1653, 1412, 1496, 1441, 1580, 1366, 2010, 1320, 1454, 1518, 2324, 1808, 2239, 2292, 1981, 2809, 2075, 2083, 1939, 2279, 2474, 2874, 1836, 1999, 2367, 2856, 2871, 3013, 3649, 3490, 3537, 3621, 3522, 3023, 3423, 3171, 2812, 3512, 3297, 3094, 3831, 3266, 3276, 2491, 2901, 2406, 3131, 2690, 3478, 2150, 2541, 2076, 2834, 1976, 3003, 2037, 1892, 2480, 2846, 3238, 1653, 2996, 2245, 2678, 1951, 2404, 2615, 2252, 2959, 2707, 2526, 2046, 2409, 2311, 1707, 1812, 2173, 2169, 1856, 1583, 1947, 2048, 2431, 2420, 2347, 3438, 2438, 2415, 2623, 2314, 2124, 1927, 2782, 2480, 2160, 2101, 1896, 2201, 2550, 1931, 2155, 2402, 1772, 1591, 1613, 1581, 1606, 1647, 2303, 2342, 2415, 2039, 2432, 2238, 2155, 2514, 2518, 1988, 2961, 2337, 2193, 1560, 2293, 2454, 1992, 2524, 1775, 2063, 2206, 1798, 2171, 1976, 1878, 1830, 2302, 1794, 2216, 1975, 1882, 2622, 2111, 2479, 2134, 1941, 2683, 1681, 1729, 1834, 1634, 2084, 2112, 1703, 1532, 1536, 1668, 1655, 1861, 2369, 1644, 1565, 2408, 2627, 2513, 2067, 1998, 2395, 1657, 1737, 2343, 1589, 1736, 1749, 1769, 2146, 1680, 2075, 2068, 1878, 2095, 2266, 2108, 1997, 2059, 2226, 2387, 2015, 1648, 2131, 2084, 2346, 1998, 2011, 1958, 2299, 2145, 1561, 1787, 2399, 1528, 1721, 1935, 1981, 1660, 1784, 1701, 1754, 2092, 1657], "episode_rewards": [-20.0, -16.0, -20.0, -21.0, -21.0, -19.0, -20.0, -21.0, -21.0, -20.0, -19.0, -20.0, -20.0, -21.0, -20.0, -20.0, -20.0, -20.0, -19.0, -18.0, -20.0, -19.0, -21.0, -19.0, -20.0, -19.0, -19.0, -20.0, -21.0, -20.0, -19.0, -18.0, -18.0, -19.0, -20.0, -20.0, -16.0, -18.0, -15.0, -18.0, -14.0, -16.0, -16.0, -18.0, -11.0, -16.0, -18.0, -16.0, -8.0, -15.0, -9.0, -10.0, -13.0, -5.0, -14.0, -10.0, -13.0, -17.0, -11.0, -8.0, -15.0, -14.0, -7.0, -10.0, -12.0, -9.0, 7.0, 4.0, 4.0, -5.0, 4.0, -10.0, 9.0, 9.0, 13.0, 9.0, 8.0, 11.0, 5.0, 6.0, 5.0, 11.0, 13.0, 16.0, 8.0, 11.0, 5.0, 17.0, 16.0, 19.0, 11.0, 16.0, 11.0, 17.0, 19.0, 15.0, 15.0, 12.0, 20.0, 7.0, 13.0, 12.0, 18.0, 14.0, 15.0, 17.0, 2.0, 9.0, 17.0, 17.0, 14.0, 15.0, 20.0, 19.0, 15.0, 17.0, 19.0, 21.0, 18.0, 19.0, 13.0, 16.0, 15.0, 5.0, 13.0, 15.0, 14.0, 12.0, 16.0, 20.0, 15.0, 15.0, 14.0, 17.0, 20.0, 17.0, 11.0, 16.0, 15.0, 15.0, 18.0, 21.0, 20.0, 21.0, 20.0, 21.0, 16.0, 15.0, 14.0, 16.0, 11.0, 15.0, 16.0, 12.0, 12.0, 19.0, 9.0, 18.0, 19.0, -11.0, 14.0, 13.0, 17.0, 11.0, 21.0, 18.0, 13.0, 17.0, 18.0, 17.0, 17.0, 17.0, 11.0, 19.0, 18.0, 18.0, 17.0, 10.0, 16.0, 9.0, 17.0, 17.0, 8.0, 21.0, 19.0, 19.0, 20.0, 12.0, 16.0, 21.0, 21.0, 21.0, 20.0, 20.0, 18.0, 13.0, 20.0, 21.0, 13.0, 18.0, 10.0, 18.0, 16.0, 10.0, 20.0, 18.0, 15.0, 21.0, 19.0, 18.0, 19.0, 14.0, 19.0, 19.0, 19.0, 19.0, 18.0, 15.0, 17.0, 21.0, 19.0, 14.0, 14.0, 17.0, 20.0, 17.0, 17.0, 19.0, 16.0, 18.0, 17.0, 15.0, 17.0, 20.0, 21.0, -1.0, 21.0, 21.0, 19.0, 16.0, 20.0, 19.0, 19.0, 20.0, 13.0, 20.0],