{"initial_reset_timestamp": 1605438614.273959, "timestamps": [1605438620.7153237, 1605438623.8429587, 1605438626.82595, 1605438629.6324463, 1605438632.8289325, 1605438635.4498892, 1605438638.1018174, 1605438641.1097548, 1605438643.559238, 1605438646.085394, 1605438649.2040896, 1605438654.483936, 1605438667.3395603, 1605438680.0894673, 1605438691.0182452, 1605438704.5061772, 1605438715.850874, 1605438731.1708763, 1605438742.9015408, 1605438758.7159326, 1605438771.8026826, 1605438784.8948054, 1605438795.411684, 1605438808.4069345, 1605438821.0451403, 1605438832.8506322, 1605438846.0393372, 1605438860.8967257, 1605438876.165196, 1605438891.7008724, 1605438904.4860754, 1605438920.5460222, 1605438934.3727303, 1605438947.627655, 1605438964.8058355, 1605438979.9657528, 1605438995.3604622, 1605439011.2507348, 1605439029.6065261, 1605439050.5689335, 1605439069.7209938, 1605439088.8486614, 1605439107.0686467, 1605439132.9207165, 1605439151.9151065, 1605439172.929874, 1605439196.6990492, 1605439216.4993896, 1605439237.6769657, 1605439262.0100367, 1605439286.1922426, 1605439313.3345635, 1605439332.6258442, 1605439375.1411, 1605439400.8223965, 1605439419.5020192, 1605439445.585523, 1605439473.9149375, 1605439500.600149, 1605439526.0530457, 1605439547.274226, 1605439579.7585907, 1605439612.549089, 1605439634.526345, 1605439667.5955818, 1605439701.3257418, 1605439730.9385996, 1605439763.1783895, 1605439797.2253513, 1605439826.8003018, 1605439878.4771154, 1605439919.945007, 1605439956.9663262, 1605440000.8911657, 1605440046.7058723, 1605440075.3980644, 1605440123.7579057, 1605440168.7921512, 1605440208.2710583, 1605440253.4404135, 1605440300.2727482, 1605440334.0441105, 1605440379.3562508, 1605440425.7177787, 1605440477.2619925, 1605440524.2923136, 1605440568.4867492, 1605440607.5345435, 1605440661.0649545, 1605440711.5568771, 1605440762.534688, 1605440806.1368458, 1605440855.8274894, 1605440907.037487, 1605440962.497278, 1605441006.910415, 1605441061.6953685, 1605441110.3384478, 1605441156.1339877, 1605441190.0788276, 1605441228.3134835, 1605441269.3572197, 1605441321.8727539, 1605441358.6174026, 1605441404.3958302, 1605441444.684316, 1605441482.780903, 1605441511.628414, 1605441550.589317, 1605441580.6081011, 1605441610.9840486, 1605441644.1394281, 1605441676.002568, 1605441706.2943964, 1605441730.7296581, 1605441760.3449588, 1605441787.1377506, 1605441812.984562, 1605441843.113582, 1605441869.7781806, 1605441897.2533464, 1605441924.1510725, 1605441952.6682472, 1605441979.4481905, 1605442004.579681, 1605442030.4429996, 1605442061.6705258, 1605442094.4789565, 1605442122.3373194, 1605442148.6623588, 1605442177.7131095, 1605442208.3705983, 1605442240.4204445, 1605442268.8586624, 1605442298.4689093, 1605442329.2349725, 1605442355.4179852, 1605442391.3538923, 1605442426.9265509, 1605442463.5946836, 1605442494.295609, 1605442519.9580765, 1605442554.0566812, 1605442583.7040796, 1605442614.1481745, 1605442639.6568885, 1605442667.188793, 1605442695.313037, 1605442725.193074, 1605442752.5842028, 1605442787.1358411, 1605442818.5101902, 1605442848.5613487, 1605442876.697171, 1605442903.0497503, 1605442933.609116, 1605442958.4690647, 1605442993.1658533, 1605443021.9036183, 1605443050.7133567, 1605443079.2031748, 1605443109.7131317, 1605443138.2036116, 1605443168.6094296, 1605443198.6812654, 1605443229.173757, 1605443260.8231266, 1605443287.0136456, 1605443316.643414, 1605443342.9530628, 1605443372.6280546, 1605443404.234529, 1605443433.4210367, 1605443458.6276343, 1605443486.632782, 1605443510.7986212, 1605443538.770823, 1605443567.7263973, 1605443593.456629, 1605443621.6003375, 1605443649.7091594, 1605443675.3136926, 1605443701.5216453, 1605443737.250076, 1605443762.203377, 1605443788.3130865, 1605443814.4302528, 1605443846.3740695, 1605443877.0689604, 1605443907.5544426, 1605443934.5787148, 1605443966.0495396, 1605443992.786046, 1605444018.909192, 1605444047.1914027, 1605444073.738417, 1605444101.3336308, 1605444128.4381537, 1605444156.0871415, 1605444180.590624, 1605444210.2842455, 1605444238.7839377, 1605444275.2811522, 1605444301.156988, 1605444328.3852444, 1605444353.4122975, 1605444377.9838145, 1605444402.727156, 1605444434.5470896, 1605444462.1512575, 1605444489.7983282, 1605444515.2552562, 1605444539.355866, 1605444566.050485, 1605444591.2656658, 1605444615.597603, 1605444641.1912053, 1605444664.9527094, 1605444691.1616282, 1605444720.3862486, 1605444748.6013732, 1605444772.3169785, 1605444795.9906678, 1605444824.5662577, 1605444849.0330787, 1605444872.9850721, 1605444896.0154881, 1605444919.5929441, 1605444947.121838, 1605444974.756942, 1605445005.7423635, 1605445035.0869288, 1605445062.3952148, 1605445088.4266067, 1605445117.090959, 1605445141.1745577, 1605445164.9699945, 1605445199.8397512, 1605445231.0019307, 1605445259.22449, 1605445288.9140844, 1605445313.219093, 1605445345.0619454, 1605445372.9339247, 1605445396.4630516, 1605445421.162006, 1605445445.814235, 1605445473.2996433, 1605445496.5893662, 1605445525.9454007, 1605445553.363813, 1605445578.6525192, 1605445605.5660791, 1605445632.8910131, 1605445662.0420635, 1605445687.2936938, 1605445711.7483122, 1605445739.5629382, 1605445769.6381993, 1605445799.5639606, 1605445827.7462757, 1605445853.0476532, 1605445880.035563, 1605445904.6417673, 1605445931.766443, 1605445957.4228387], "episode_lengths": [865, 1003, 901, 783, 1008, 845, 838, 893, 761, 757, 755, 814, 949, 897, 817, 1031, 895, 1205, 879, 1131, 940, 1009, 836, 1062, 1062, 997, 1100, 1067, 1104, 1126, 933, 1294, 1106, 996, 1359, 1210, 1223, 1252, 1452, 1656, 1379, 1480, 1412, 1820, 1267, 1404, 1617, 1337, 1471, 1651, 1595, 2018, 1343, 2731, 1595, 1206, 1749, 2063, 1830, 1766, 1431, 2173, 2198, 1532, 2384, 2442, 2106, 2296, 2394, 2075, 3121, 2760, 2491, 2953, 2750, 1841, 2843, 2869, 2622, 2922, 2924, 2098, 2732, 2687, 3155, 3157, 2697, 2494, 3517, 3254, 3157, 2912, 3121, 3192, 3435, 2844, 3162, 2953, 2758, 2108, 2307, 2527, 3269, 2266, 3039, 2483, 2378, 1810, 2555, 1957, 1770, 2088, 1967, 1967, 1626, 1923, 1761, 1723, 1844, 1753, 1680, 1759, 1746, 1797, 1703, 1664, 2043, 2008, 1725, 1665, 1779, 1979, 1983, 1726, 1913, 1913, 1662, 2189, 2248, 2267, 1858, 1659, 2054, 1954, 1992, 1709, 1847, 1843, 1878, 1660, 2073, 1916, 1987, 1932, 1847, 2144, 1717, 2358, 1862, 1999, 1859, 1831, 1724, 2039, 1861, 1976, 2008, 1769, 2007, 1718, 1867, 1998, 1952, 1629, 1805, 1662, 1848, 1910, 1758, 1851, 1750, 1785, 1745, 2321, 1697, 1780, 1664, 1946, 1970, 2005, 1627, 2037, 1759, 1879, 1954, 1884, 1986, 1944, 1979, 1754, 1938, 2004, 2588, 1784, 1894, 1785, 1743, 1779, 2224, 1938, 1727, 1768, 1718, 1930, 1806, 1740, 1752, 1643, 1885, 1967, 1836, 1704, 1706, 1994, 1756, 1726, 1647, 1691, 1972, 1992, 2007, 2080, 1955, 1801, 1931, 1730, 1663, 2408, 2016, 1661, 1791, 1643, 2119, 1947, 1645, 1720, 1665, 1807, 1647, 2108, 1754, 1661, 1918, 1911, 2028, 1742, 1725, 1811, 1878, 1799, 1723, 1628, 1777, 1694, 1876, 1744],